date,product,price,prev_price,price_change,moving_avg,alert,trend,avg_trend,forecast_3days,forecast_alert
2024-01-01,potato,8.21,,,,🔄 No Data,,,8.21,✅ مستقر
2024-01-02,potato,7.81,8.21,-0.04872107186358114,,✅ Stable,-0.40000000000000124,,7.81,✅ مستقر
2024-01-03,potato,7.73,7.81,-0.010243277848911547,,✅ Stable,-0.07999999999999918,,7.73,✅ مستقر
2024-01-04,potato,7.67,7.73,-0.007761966364812483,,✅ Stable,-0.0600000000000005,,7.67,✅ مستقر
2024-01-05,potato,7.71,7.67,0.005215123859191661,,✅ Stable,0.040000000000000036,,7.71,✅ مستقر
2024-01-06,potato,7.54,7.71,-0.02204928664072632,,✅ Stable,-0.16999999999999993,-0.13400000000000017,7.138,✅ مستقر
2024-01-07,potato,6.99,7.54,-0.07294429708222809,7.665714285714286,✅ Stable,-0.5499999999999998,-0.16399999999999987,6.498,✅ مستقر
2024-01-08,potato,6.96,6.99,-0.004291845493562267,7.487142857142857,✅ Stable,-0.03000000000000025,-0.15400000000000008,6.497999999999999,✅ مستقر
2024-01-09,potato,7.24,6.96,0.0402298850574713,7.405714285714285,✅ Stable,0.28000000000000025,-0.08599999999999994,6.982,✅ مستقر
2024-01-10,potato,7.0,7.24,-0.03314917127071826,7.301428571428572,✅ Stable,-0.2400000000000002,-0.142,6.574,✅ مستقر
2024-01-11,potato,7.33,7.0,0.04714285714285715,7.252857142857143,📈 Uptrend,0.33000000000000007,-0.041999999999999996,7.204,✅ مستقر
2024-01-12,potato,11.43,7.33,0.5593451568894952,7.784285714285714,🚨 Strong Increase,4.1,0.8879999999999999,14.094,🚨 High Risk Increase
2024-01-13,potato,11.67,11.43,0.02099737532808401,8.374285714285714,📈 Uptrend,0.2400000000000002,0.942,14.495999999999999,🚨 High Risk Increase
2024-01-14,potato,11.5,11.67,-0.014567266495287055,9.018571428571429,📈 Uptrend,-0.16999999999999993,0.852,14.056000000000001,🚨 High Risk Increase
2024-01-15,potato,11.16,11.5,-0.029565217391304334,9.618571428571428,📈 Uptrend,-0.33999999999999986,0.8320000000000001,13.656,🚨 High Risk Increase
2024-01-16,potato,10.7,11.16,-0.04121863799283162,10.112857142857143,📈 Uptrend,-0.46000000000000085,0.6739999999999998,12.721999999999998,🚨 High Risk Increase
2024-01-17,potato,11.12,10.7,0.03925233644859813,10.70142857142857,📈 Uptrend,0.41999999999999993,-0.0620000000000001,10.934,✅ مستقر
2024-01-18,potato,11.28,11.12,0.014388489208633108,11.265714285714285,📈 Uptrend,0.16000000000000014,-0.07800000000000011,11.046,✅ مستقر
2024-01-19,potato,11.74,11.28,0.04078014184397171,11.309999999999999,📈 Uptrend,0.46000000000000085,0.04800000000000004,11.884,✅ مستقر
2024-01-20,potato,11.91,11.74,0.01448040885860306,11.344285714285714,📈 Uptrend,0.16999999999999993,0.15,12.36,✅ مستقر
2024-01-21,potato,11.38,11.91,-0.044500419815281224,11.327142857142857,📈 Uptrend,-0.5299999999999994,0.1360000000000003,11.788000000000002,✅ مستقر
2024-01-22,potato,10.84,11.38,-0.047451669595782155,11.281428571428572,✅ Stable,-0.5400000000000009,-0.05599999999999987,10.672,✅ مستقر
2024-01-23,potato,11.18,10.84,0.031365313653136516,11.349999999999998,✅ Stable,0.33999999999999986,-0.019999999999999928,11.12,✅ مستقر
2024-01-24,potato,10.89,11.18,-0.025939177101967723,11.317142857142857,✅ Stable,-0.28999999999999915,-0.16999999999999993,10.38,✅ مستقر
2024-01-25,potato,10.89,10.89,0.0,11.26142857142857,✅ Stable,0.0,-0.2039999999999999,10.278,✅ مستقر
2024-01-26,potato,10.31,10.89,-0.05325987144168963,11.057142857142859,✅ Stable,-0.5800000000000001,-0.21400000000000005,9.668000000000001,✅ مستقر
2024-01-27,potato,10.35,10.31,0.0038797284190105865,10.834285714285715,✅ Stable,0.03999999999999915,-0.09800000000000005,10.056,✅ مستقر
2024-01-28,potato,9.77,10.35,-0.05603864734299518,10.604285714285714,✅ Stable,-0.5800000000000001,-0.28200000000000003,8.924,✅ مستقر
2024-01-29,potato,11.14,9.77,0.14022517911975446,10.647142857142857,🚨 Strong Increase,1.370000000000001,0.05,11.290000000000001,✅ مستقر
2024-01-30,potato,11.75,11.14,0.05475763016157984,10.728571428571428,⚠️ Increase,0.6099999999999994,0.17199999999999988,12.266,✅ مستقر
2024-01-31,potato,12.12,11.75,0.03148936170212759,10.904285714285715,📈 Uptrend,0.3699999999999992,0.36199999999999977,13.206,⚠️ المتوقع ارتفاع
2024-02-01,potato,12.43,12.12,0.02557755775577562,11.124285714285715,📈 Uptrend,0.3100000000000005,0.41600000000000004,13.678,⚠️ المتوقع ارتفاع
2024-02-02,potato,13.12,12.43,0.055510860820595295,11.525714285714285,⚠️ Increase,0.6899999999999995,0.6699999999999999,15.129999999999999,🚨 High Risk Increase
2024-02-03,potato,13.2,13.12,0.0060975609756097615,11.932857142857143,📈 Uptrend,0.08000000000000007,0.41199999999999976,14.435999999999998,⚠️ المتوقع ارتفاع
2024-02-04,potato,12.66,13.2,-0.040909090909090846,12.345714285714285,📈 Uptrend,-0.5399999999999991,0.18200000000000002,13.206,✅ مستقر
2024-02-05,potato,12.86,12.66,0.015797788309636594,12.59142857142857,📈 Uptrend,0.1999999999999993,0.14800000000000005,13.304,✅ مستقر
2024-02-06,potato,12.56,12.86,-0.023328149300155438,12.707142857142857,✅ Stable,-0.29999999999999893,0.026000000000000155,12.638000000000002,✅ مستقر
2024-02-07,potato,13.31,12.56,0.059713375796178345,12.877142857142857,⚠️ Increase,0.75,0.038000000000000256,13.424000000000001,✅ مستقر
2024-02-08,potato,13.33,13.31,0.0015026296018031235,13.005714285714287,📈 Uptrend,0.019999999999999574,0.026000000000000155,13.408000000000001,✅ مستقر
2024-02-09,potato,14.07,13.33,0.05551387846961742,13.141428571428573,⚠️ Increase,0.7400000000000002,0.28200000000000003,14.916,✅ مستقر
2024-02-10,potato,14.47,14.07,0.028429282160625468,13.322857142857144,📈 Uptrend,0.40000000000000036,0.32200000000000023,15.436000000000002,✅ مستقر
2024-02-11,potato,14.82,14.47,0.02418797512093985,13.631428571428572,📈 Uptrend,0.34999999999999964,0.45199999999999996,16.176000000000002,⚠️ المتوقع ارتفاع
2024-02-12,potato,14.73,14.82,-0.006072874493927116,13.89857142857143,📈 Uptrend,-0.08999999999999986,0.284,15.582,✅ مستقر
2024-02-13,potato,14.34,14.73,-0.026476578411405334,14.152857142857144,📈 Uptrend,-0.39000000000000057,0.20199999999999996,14.946,✅ مستقر
2024-02-14,potato,13.95,14.34,-0.02719665271966531,14.244285714285713,✅ Stable,-0.39000000000000057,-0.024000000000000198,13.877999999999998,✅ مستقر
2024-02-15,potato,14.38,13.95,0.03082437275985674,14.394285714285715,✅ Stable,0.4300000000000015,-0.01799999999999997,14.326,✅ مستقر
2024-02-16,potato,14.99,14.38,0.04242002781641164,14.525714285714285,📈 Uptrend,0.6099999999999994,0.03399999999999999,15.092,✅ مستقر
2024-02-17,potato,14.51,14.99,-0.03202134756504339,14.531428571428572,✅ Stable,-0.4800000000000004,-0.04400000000000013,14.378,✅ مستقر
2024-02-18,potato,12.17,14.51,-0.1612680909717436,14.152857142857144,✅ Stable,-2.34,-0.434,10.868,📉 المتوقع انخفاض
2024-02-19,potato,12.31,12.17,0.011503697617091255,13.807142857142859,✅ Stable,0.14000000000000057,-0.32799999999999974,11.326,✅ مستقر
2024-02-20,potato,13.92,12.31,0.13078797725426478,13.747142857142856,🚨 Strong Increase,1.6099999999999994,-0.09200000000000016,13.644,✅ مستقر
2024-02-21,potato,13.58,13.92,-0.02442528735632183,13.694285714285716,✅ Stable,-0.33999999999999986,-0.28200000000000003,12.734,✅ مستقر
2024-02-22,potato,13.81,13.58,0.016936671575846864,13.612857142857141,📈 Uptrend,0.23000000000000043,-0.13999999999999985,13.39,✅ مستقر
2024-02-23,potato,16.08,13.81,0.1643736422881968,13.768571428571429,🚨 Strong Increase,2.269999999999998,0.7819999999999997,18.426,⚠️ المتوقع ارتفاع
2024-02-24,potato,16.74,16.08,0.041044776119403,14.087142857142856,📈 Uptrend,0.6600000000000001,0.8859999999999996,19.397999999999996,🚨 High Risk Increase
2024-02-25,potato,16.19,16.74,-0.03285543608124237,14.661428571428571,📈 Uptrend,-0.5499999999999972,0.4540000000000003,17.552000000000003,⚠️ المتوقع ارتفاع
2024-02-26,potato,16.92,16.19,0.045089561457689956,15.319999999999999,📈 Uptrend,0.7300000000000004,0.6680000000000004,18.924000000000003,⚠️ المتوقع ارتفاع
2024-02-27,potato,16.99,16.92,0.004137115839243305,15.758571428571429,📈 Uptrend,0.06999999999999673,0.6359999999999996,18.897999999999996,⚠️ المتوقع ارتفاع
2024-02-28,potato,17.73,16.99,0.04355503237198364,16.35142857142857,📈 Uptrend,0.740000000000002,0.3300000000000004,18.720000000000002,✅ مستقر
2024-02-29,potato,16.52,17.73,-0.06824591088550484,16.73857142857143,✅ Stable,-1.2100000000000009,-0.043999999999999775,16.388,✅ مستقر
2024-03-01,potato,15.85,16.52,-0.04055690072639225,16.705714285714286,✅ Stable,-0.6699999999999999,-0.06800000000000032,15.645999999999999,✅ مستقر
2024-03-02,potato,16.04,15.85,0.011987381703470001,16.605714285714285,✅ Stable,0.1899999999999995,-0.17600000000000052,15.511999999999997,✅ مستقر
2024-03-03,potato,16.3,16.04,0.01620947630922703,16.62142857142857,✅ Stable,0.26000000000000156,-0.13799999999999954,15.886000000000003,✅ مستقر
2024-03-04,potato,16.09,16.3,-0.012883435582822138,16.502857142857142,✅ Stable,-0.21000000000000085,-0.3280000000000001,15.106,✅ مستقر
2024-03-05,potato,16.33,16.09,0.014916096954630108,16.408571428571427,✅ Stable,0.23999999999999844,-0.038000000000000256,16.215999999999998,✅ مستقر
2024-03-06,potato,16.65,16.33,0.019595835884874485,16.254285714285714,📈 Uptrend,0.3200000000000003,0.15999999999999978,17.13,✅ مستقر
2024-03-07,potato,15.81,16.65,-0.05045045045045034,16.15285714285714,✅ Stable,-0.8399999999999981,-0.04599999999999973,15.672,✅ مستقر
2024-03-08,potato,16.06,15.81,0.01581277672359255,16.18285714285714,✅ Stable,0.24999999999999822,-0.048000000000000397,15.915999999999997,✅ مستقر
2024-03-09,potato,16.31,16.06,0.015566625155666253,16.22142857142857,📈 Uptrend,0.25,0.043999999999999775,16.441999999999997,✅ مستقر
2024-03-10,potato,16.72,16.31,0.0251379521765788,16.28142857142857,📈 Uptrend,0.41000000000000014,0.07800000000000011,16.954,✅ مستقر
2024-03-11,potato,16.32,16.72,-0.02392344497607647,16.314285714285713,📈 Uptrend,-0.3999999999999986,-0.06599999999999966,16.122,✅ مستقر
2024-03-12,potato,16.58,16.32,0.015931372549019485,16.349999999999998,📈 Uptrend,0.259999999999998,0.15399999999999955,17.041999999999998,✅ مستقر
2024-03-13,potato,16.24,16.58,-0.020506634499396856,16.291428571428572,✅ Stable,-0.33999999999999986,0.03599999999999994,16.348,✅ مستقر
2024-03-14,potato,13.63,16.24,-0.1607142857142856,15.98,✅ Stable,-2.6099999999999977,-0.5359999999999996,12.022000000000002,📉 المتوقع انخفاض
2024-03-15,potato,13.12,13.63,-0.03741746148202506,15.559999999999999,✅ Stable,-0.5100000000000016,-0.72,10.959999999999999,📉 المتوقع انخفاض
2024-03-16,potato,13.9,13.12,0.05945121951219521,15.215714285714284,⚠️ Increase,0.7800000000000011,-0.484,12.448,📉 المتوقع انخفاض
2024-03-17,potato,14.07,13.9,0.012230215827338124,14.837142857142856,✅ Stable,0.16999999999999993,-0.5019999999999996,12.564000000000002,📉 المتوقع انخفاض
2024-03-18,potato,13.85,14.07,-0.01563610518834404,14.484285714285715,✅ Stable,-0.22000000000000064,-0.47799999999999976,12.416,📉 المتوقع انخفاض
2024-03-19,potato,13.73,13.85,-0.008664259927797778,14.077142857142858,✅ Stable,-0.11999999999999922,0.019999999999999928,13.790000000000001,✅ مستقر
2024-03-20,potato,13.61,13.73,-0.008739985433357684,13.701428571428574,✅ Stable,-0.120000000000001,0.09800000000000005,13.904,✅ مستقر
2024-03-21,potato,13.38,13.61,-0.01689933872152819,13.665714285714285,✅ Stable,-0.22999999999999865,-0.10399999999999991,13.068000000000001,✅ مستقر
2024-03-22,potato,13.47,13.38,0.006726457399103128,13.715714285714284,✅ Stable,0.08999999999999986,-0.11999999999999993,13.110000000000001,✅ مستقر
2024-03-23,potato,13.38,13.47,-0.006681514476614688,13.641428571428573,✅ Stable,-0.08999999999999986,-0.09399999999999978,13.098,✅ مستقر
2024-03-24,potato,13.87,13.38,0.03662182361733919,13.612857142857141,📈 Uptrend,0.48999999999999844,0.027999999999999758,13.953999999999999,✅ مستقر
2024-03-25,potato,14.59,13.87,0.05191059841384287,13.718571428571428,⚠️ Increase,0.7200000000000006,0.1960000000000001,15.178,✅ مستقر
2024-03-26,potato,19.69,14.59,0.34955448937628525,14.569999999999999,🚨 Strong Increase,5.100000000000001,1.262,23.476000000000003,🚨 High Risk Increase
2024-03-27,potato,23.38,19.69,0.18740477399695263,15.965714285714284,🚨 Strong Increase,3.6899999999999977,1.9819999999999998,29.326,🚨 High Risk Increase
2024-03-28,potato,23.17,23.38,-0.008982035928143598,17.364285714285717,📈 Uptrend,-0.2099999999999973,1.9580000000000002,29.044000000000004,🚨 High Risk Increase
2024-03-29,potato,23.0,23.17,-0.007337073802330673,18.725714285714286,📈 Uptrend,-0.1700000000000017,1.826,28.478,🚨 High Risk Increase
2024-03-30,potato,23.99,23.0,0.043043478260869496,20.24142857142857,📈 Uptrend,0.9899999999999984,1.8799999999999997,29.629999999999995,🚨 High Risk Increase
2024-03-31,potato,23.8,23.99,-0.007919966652771894,21.66,📈 Uptrend,-0.18999999999999773,0.8219999999999998,26.266,⚠️ المتوقع ارتفاع
2024-04-01,potato,23.88,23.8,0.0033613445378150543,22.987142857142857,📈 Uptrend,0.0799999999999983,0.1,24.18,✅ مستقر
2024-04-02,potato,24.08,23.88,0.008375209380234476,23.614285714285717,📈 Uptrend,0.1999999999999993,0.18199999999999933,24.625999999999998,✅ مستقر
2024-04-03,potato,24.65,24.08,0.023671096345514963,23.795714285714286,📈 Uptrend,0.5700000000000003,0.32999999999999974,25.639999999999997,✅ مستقر
2024-04-04,potato,25.04,24.65,0.015821501014198807,24.062857142857144,📈 Uptrend,0.39000000000000057,0.21000000000000013,25.669999999999998,✅ مستقر
2024-04-05,potato,24.65,25.04,-0.015575079872204496,24.298571428571424,📈 Uptrend,-0.39000000000000057,0.16999999999999957,25.159999999999997,✅ مستقر
2024-04-06,potato,25.48,24.65,0.03367139959432056,24.511428571428574,📈 Uptrend,0.8300000000000018,0.3200000000000003,26.44,✅ مستقر
2024-04-07,potato,25.85,25.48,0.014521193092621704,24.804285714285715,📈 Uptrend,0.370000000000001,0.35400000000000065,26.912000000000003,✅ مستقر
2024-04-08,potato,25.8,25.85,-0.0019342359767891956,25.07857142857143,📈 Uptrend,-0.05000000000000071,0.23000000000000043,26.490000000000002,✅ مستقر
2024-04-09,potato,26.22,25.8,0.016279069767441787,25.384285714285713,📈 Uptrend,0.41999999999999815,0.23599999999999993,26.927999999999997,✅ مستقر
2024-04-10,potato,27.37,26.22,0.0438596491228071,25.772857142857145,📈 Uptrend,1.1500000000000021,0.5440000000000005,29.002000000000002,✅ مستقر
2024-04-11,potato,27.81,27.37,0.016075995615637474,26.168571428571425,📈 Uptrend,0.4399999999999977,0.46599999999999964,29.208,✅ مستقر
2024-04-12,potato,27.38,27.81,-0.015462064005753317,26.558571428571433,📈 Uptrend,-0.4299999999999997,0.3059999999999995,28.298,✅ مستقر
2024-04-13,potato,27.16,27.38,-0.008035062089116102,26.798571428571428,📈 Uptrend,-0.21999999999999886,0.2719999999999999,27.976,✅ مستقر
2024-04-14,potato,27.14,27.16,-0.0007363770250368031,26.982857142857142,📈 Uptrend,-0.019999999999999574,0.18400000000000033,27.692,✅ مستقر
2024-04-15,potato,23.95,27.14,-0.1175386882829772,26.718571428571426,✅ Stable,-3.1900000000000013,-0.6840000000000004,21.897999999999996,✅ مستقر
2024-04-16,potato,24.11,23.95,0.006680584551148232,26.417142857142856,✅ Stable,0.16000000000000014,-0.7399999999999999,21.89,✅ مستقر
2024-04-17,potato,23.72,24.11,-0.016175860638739135,25.895714285714288,✅ Stable,-0.39000000000000057,-0.732,21.524,✅ مستقر
2024-04-18,potato,23.43,23.72,-0.01222596964586843,25.270000000000003,✅ Stable,-0.28999999999999915,-0.7460000000000001,21.192,✅ مستقر
2024-04-19,potato,26.87,23.43,0.1468203158344004,25.197142857142858,🚨 Strong Increase,3.4400000000000013,-0.053999999999999916,26.708000000000002,✅ مستقر
2024-04-20,potato,27.14,26.87,0.010048381094157037,25.194285714285712,📈 Uptrend,0.2699999999999996,0.6380000000000002,29.054000000000002,⚠️ المتوقع ارتفاع
2024-04-21,potato,26.95,27.14,-0.007000736919675802,25.16714285714286,📈 Uptrend,-0.19000000000000128,0.568,28.654,✅ مستقر
2024-04-22,potato,27.25,26.95,0.01113172541743973,25.63857142857143,📈 Uptrend,0.3000000000000007,0.7060000000000002,29.368000000000002,⚠️ المتوقع ارتفاع
2024-04-23,potato,26.49,27.25,-0.027889908256880792,25.978571428571428,📈 Uptrend,-0.7600000000000016,0.6119999999999998,28.325999999999997,✅ مستقر
2024-04-24,potato,27.28,26.49,0.029822574556436495,26.487142857142857,📈 Uptrend,0.7900000000000027,0.08200000000000003,27.526,✅ مستقر
2024-04-25,potato,27.66,27.28,0.013929618768328409,27.09142857142857,📈 Uptrend,0.379999999999999,0.10399999999999991,27.972,✅ مستقر
2024-04-26,potato,27.25,27.66,-0.014822848879248016,27.145714285714284,📈 Uptrend,-0.41000000000000014,0.060000000000000143,27.43,✅ مستقر
2024-04-27,potato,27.62,27.25,0.013577981651376183,27.214285714285715,📈 Uptrend,0.370000000000001,0.0740000000000002,27.842000000000002,✅ مستقر
2024-04-28,potato,27.02,27.62,-0.02172338884866044,27.224285714285717,✅ Stable,-0.6000000000000014,0.10600000000000023,27.338,✅ مستقر
2024-04-29,potato,28.45,27.02,0.052923760177646176,27.395714285714284,⚠️ Increase,1.4299999999999997,0.23399999999999962,29.151999999999997,✅ مستقر
2024-01-01,rice,14.97,,,,🔄 No Data,,,14.97,✅ مستقر
2024-01-02,rice,15.65,14.97,0.04542418169672677,,✅ Stable,0.6799999999999997,,15.65,✅ مستقر
2024-01-03,rice,15.54,15.65,-0.0070287539936103,,✅ Stable,-0.11000000000000121,,15.54,✅ مستقر
2024-01-04,rice,15.54,15.54,0.0,,✅ Stable,0.0,,15.54,✅ مستقر
2024-01-05,rice,16.13,15.54,0.03796653796653796,,✅ Stable,0.5899999999999999,,16.13,✅ مستقر
2024-01-06,rice,16.0,16.13,-0.008059516429014198,,✅ Stable,-0.129999999999999,0.20599999999999988,16.618,✅ مستقر
2024-01-07,rice,15.8,16.0,-0.012499999999999956,15.661428571428571,📈 Uptrend,-0.1999999999999993,0.030000000000000072,15.89,✅ مستقر
2024-01-08,rice,15.73,15.8,-0.004430379746835461,15.77,✅ Stable,-0.07000000000000028,0.038000000000000256,15.844000000000001,✅ مستقر
2024-01-09,rice,15.42,15.73,-0.019707565162110648,15.737142857142857,✅ Stable,-0.3100000000000005,-0.023999999999999844,15.348,✅ مستقر
2024-01-10,rice,15.03,15.42,-0.025291828793774358,15.664285714285715,✅ Stable,-0.39000000000000057,-0.21999999999999992,14.37,✅ مستقر
2024-01-11,rice,15.35,15.03,0.021290751829674007,15.637142857142857,✅ Stable,0.3200000000000003,-0.13000000000000006,14.959999999999999,✅ مستقر
2024-01-12,rice,15.57,15.35,0.014332247557003299,15.557142857142859,📈 Uptrend,0.22000000000000064,-0.04600000000000008,15.432,✅ مستقر
2024-01-13,rice,15.15,15.57,-0.026974951830443156,15.435714285714285,✅ Stable,-0.41999999999999993,-0.11600000000000002,14.802,✅ مستقر
2024-01-14,rice,15.31,15.15,0.01056105610561057,15.365714285714287,✅ Stable,0.16000000000000014,-0.021999999999999888,15.244000000000002,✅ مستقر
2024-01-15,rice,15.45,15.31,0.009144350097975101,15.325714285714286,📈 Uptrend,0.1399999999999988,0.08399999999999999,15.702,✅ مستقر
2024-01-16,rice,12.89,15.45,-0.16569579288025882,14.964285714285714,✅ Stable,-2.5599999999999987,-0.4919999999999998,11.414000000000001,📉 المتوقع انخفاض
2024-01-17,rice,12.76,12.89,-0.010085337470907741,14.639999999999999,✅ Stable,-0.13000000000000078,-0.562,11.074,📉 المتوقع انخفاض
2024-01-18,rice,12.8,12.76,0.0031347962382445864,14.275714285714287,✅ Stable,0.040000000000000924,-0.4699999999999999,11.39,📉 المتوقع انخفاض
2024-01-19,rice,12.49,12.8,-0.02421875000000004,13.835714285714285,✅ Stable,-0.3100000000000005,-0.5640000000000001,10.798,📉 المتوقع انخفاض
2024-01-20,rice,12.04,12.49,-0.03602882305844684,13.391428571428573,✅ Stable,-0.45000000000000107,-0.682,9.994,📉 المتوقع انخفاض
2024-01-21,rice,12.77,12.04,0.060631229235880435,13.028571428571428,⚠️ Increase,0.7300000000000004,-0.024000000000000198,12.697999999999999,✅ مستقر
2024-01-22,rice,12.99,12.77,0.017227877838684468,12.677142857142856,📈 Uptrend,0.22000000000000064,0.04600000000000008,13.128,✅ مستقر
2024-01-23,rice,12.67,12.99,-0.024634334103156297,12.645714285714286,📈 Uptrend,-0.3200000000000003,-0.026000000000000155,12.591999999999999,✅ مستقر
2024-01-24,rice,13.6,12.67,0.07340173638516177,12.765714285714283,⚠️ Increase,0.9299999999999997,0.2219999999999999,14.266,✅ مستقر
2024-01-25,rice,13.68,13.6,0.005882352941176476,12.891428571428571,📈 Uptrend,0.08000000000000007,0.3280000000000001,14.664,⚠️ المتوقع ارتفاع
2024-01-26,rice,14.94,13.68,0.09210526315789472,13.241428571428571,⚠️ Increase,1.2599999999999998,0.434,16.242,⚠️ المتوقع ارتفاع
2024-01-27,rice,15.33,14.94,0.02610441767068277,13.71142857142857,📈 Uptrend,0.39000000000000057,0.46799999999999997,16.734,⚠️ المتوقع ارتفاع
2024-01-28,rice,15.63,15.33,0.019569471624266192,14.120000000000001,📈 Uptrend,0.3000000000000007,0.5920000000000002,17.406000000000002,⚠️ المتوقع ارتفاع
2024-01-29,rice,15.48,15.63,-0.00959692898272555,14.475714285714286,📈 Uptrend,-0.15000000000000036,0.37600000000000017,16.608,⚠️ المتوقع ارتفاع
2024-01-30,rice,16.24,15.48,0.04909560723514199,14.985714285714286,📈 Uptrend,0.759999999999998,0.5119999999999998,17.775999999999996,⚠️ المتوقع ارتفاع
2024-01-31,rice,15.54,16.24,-0.04310344827586203,15.262857142857143,📈 Uptrend,-0.6999999999999993,0.11999999999999993,15.899999999999999,✅ مستقر
2024-02-01,rice,15.28,15.54,-0.016731016731016717,15.491428571428571,✅ Stable,-0.2599999999999998,-0.010000000000000142,15.249999999999998,✅ مستقر
2024-02-02,rice,15.71,15.28,0.0281413612565446,15.60142857142857,📈 Uptrend,0.4300000000000015,0.016000000000000014,15.758000000000001,✅ مستقر
2024-02-03,rice,16.75,15.71,0.06619987269255245,15.804285714285713,⚠️ Increase,1.0399999999999991,0.2539999999999999,17.512,✅ مستقر
2024-02-04,rice,17.23,16.75,0.028656716417910472,16.032857142857143,📈 Uptrend,0.4800000000000004,0.1980000000000004,17.824,✅ مستقر
2024-02-05,rice,17.73,17.23,0.02901915264074289,16.354285714285716,📈 Uptrend,0.5,0.4380000000000003,19.044,⚠️ المتوقع ارتفاع
2024-02-06,rice,17.57,17.73,-0.009024252679075022,16.544285714285714,📈 Uptrend,-0.16000000000000014,0.4580000000000002,18.944000000000003,⚠️ المتوقع ارتفاع
2024-02-07,rice,17.62,17.57,0.002845759817871412,16.841428571428573,📈 Uptrend,0.05000000000000071,0.382,18.766000000000002,✅ مستقر
2024-02-08,rice,17.62,17.62,0.0,17.175714285714285,📈 Uptrend,0.0,0.1740000000000002,18.142000000000003,✅ مستقر
2024-02-09,rice,18.0,17.62,0.02156640181611799,17.502857142857145,📈 Uptrend,0.379999999999999,0.15399999999999991,18.462,✅ مستقر
2024-02-10,rice,17.92,18.0,-0.00444444444444435,17.67,📈 Uptrend,-0.0799999999999983,0.038000000000000256,18.034000000000002,✅ مستقر
2024-02-11,rice,21.24,17.92,0.18526785714285696,18.242857142857144,🚨 Strong Increase,3.3199999999999967,0.7339999999999997,23.441999999999997,⚠️ المتوقع ارتفاع
2024-02-12,rice,20.77,21.24,-0.02212806026365343,18.677142857142858,📈 Uptrend,-0.46999999999999886,0.6299999999999997,22.66,⚠️ المتوقع ارتفاع
2024-02-13,rice,20.15,20.77,-0.029850746268656764,19.045714285714286,📈 Uptrend,-0.620000000000001,0.5059999999999996,21.667999999999996,⚠️ المتوقع ارتفاع
2024-02-14,rice,22.75,20.15,0.1290322580645162,19.77857142857143,🚨 Strong Increase,2.6000000000000014,0.95,25.6,⚠️ المتوقع ارتفاع
2024-02-15,rice,22.62,22.75,-0.005714285714285671,20.49285714285714,📈 Uptrend,-0.129999999999999,0.9399999999999998,25.44,⚠️ المتوقع ارتفاع
2024-02-16,rice,21.63,22.62,-0.043766578249336954,21.01142857142857,📈 Uptrend,-0.990000000000002,0.07800000000000011,21.864,✅ مستقر
2024-02-17,rice,21.68,21.63,0.002311604253351859,21.548571428571424,📈 Uptrend,0.05000000000000071,0.18200000000000002,22.226,✅ مستقر
2024-02-18,rice,21.24,21.68,-0.02029520295202958,21.548571428571428,✅ Stable,-0.4400000000000013,0.21799999999999997,21.894,✅ مستقر
2024-02-19,rice,20.3,21.24,-0.04425612052730686,21.481428571428573,✅ Stable,-0.9399999999999977,-0.4899999999999999,18.830000000000002,✅ مستقر
2024-02-20,rice,19.69,20.3,-0.030049261083743815,21.41571428571429,✅ Stable,-0.6099999999999994,-0.586,17.932000000000002,✅ مستقر
2024-02-21,rice,19.82,19.69,0.006602336211274708,20.997142857142855,✅ Stable,0.129999999999999,-0.36199999999999977,18.734,✅ مستقر
2024-02-22,rice,19.37,19.82,-0.022704339051463133,20.532857142857143,✅ Stable,-0.4499999999999993,-0.46199999999999974,17.984,✅ مستقر
2024-02-23,rice,17.43,19.37,-0.10015487867836867,19.93285714285714,✅ Stable,-1.9400000000000013,-0.7619999999999998,15.144,📉 المتوقع انخفاض
2024-02-24,rice,17.81,17.43,0.021801491681009696,19.38,✅ Stable,0.379999999999999,-0.4980000000000004,16.316,✅ مستقر
2024-02-25,rice,17.91,17.81,0.005614823133071389,18.904285714285713,✅ Stable,0.10000000000000142,-0.3560000000000002,16.842,✅ مستقر
2024-02-26,rice,18.15,17.91,0.013400335008375123,18.59714285714286,✅ Stable,0.23999999999999844,-0.33400000000000035,17.147999999999996,✅ مستقر
2024-02-27,rice,18.54,18.15,0.02148760330578516,18.43285714285714,📈 Uptrend,0.39000000000000057,-0.16600000000000037,18.041999999999998,✅ مستقر
2024-02-28,rice,22.9,18.54,0.23516720604099242,18.87285714285714,🚨 Strong Increase,4.359999999999999,1.0939999999999999,26.182,⚠️ المتوقع ارتفاع
2024-02-29,rice,22.39,22.9,-0.022270742358078518,19.304285714285715,📈 Uptrend,-0.509999999999998,0.9160000000000004,25.138,⚠️ المتوقع ارتفاع
2024-03-01,rice,22.49,22.39,0.004466279589102183,20.027142857142856,📈 Uptrend,0.09999999999999787,0.9159999999999997,25.238,⚠️ المتوقع ارتفاع
2024-03-02,rice,22.14,22.49,-0.01556247220987096,20.645714285714284,📈 Uptrend,-0.34999999999999787,0.7980000000000004,24.534000000000002,⚠️ المتوقع ارتفاع
2024-03-03,rice,22.16,22.14,0.0009033423667569817,21.252857142857142,📈 Uptrend,0.019999999999999574,0.7240000000000002,24.332,⚠️ المتوقع ارتفاع
2024-03-04,rice,22.32,22.16,0.007220216606498201,21.84857142857143,📈 Uptrend,0.16000000000000014,-0.11599999999999966,21.972,✅ مستقر
2024-03-05,rice,21.92,22.32,-0.017921146953404955,22.33142857142857,✅ Stable,-0.3999999999999986,-0.09399999999999978,21.638,✅ مستقر
2024-03-06,rice,21.98,21.92,0.0027372262773722044,22.2,✅ Stable,0.05999999999999872,-0.1019999999999996,21.674000000000003,✅ مستقر
2024-03-07,rice,22.01,21.98,0.0013648771610555567,22.145714285714288,✅ Stable,0.030000000000001137,-0.0259999999999998,21.932000000000002,✅ مستقر
2024-03-08,rice,22.2,22.01,0.008632439800090763,22.104285714285712,📈 Uptrend,0.18999999999999773,0.00799999999999983,22.224,✅ مستقر
2024-03-09,rice,21.99,22.2,-0.009459459459459498,22.082857142857144,✅ Stable,-0.21000000000000085,-0.06600000000000036,21.791999999999998,✅ مستقر
2024-03-10,rice,21.51,21.99,-0.021828103683492354,21.990000000000002,✅ Stable,-0.4799999999999969,-0.08200000000000003,21.264000000000003,✅ مستقر
2024-03-11,rice,19.22,21.51,-0.10646211064621118,21.547142857142855,✅ Stable,-2.2900000000000027,-0.5520000000000003,17.563999999999997,✅ مستقر
2024-03-12,rice,19.86,19.22,0.033298647242455806,21.252857142857145,✅ Stable,0.6400000000000006,-0.43000000000000044,18.569999999999997,✅ مستقر
2024-03-13,rice,20.81,19.86,0.047834843907351425,21.085714285714285,✅ Stable,0.9499999999999993,-0.27800000000000014,19.976,✅ مستقر
2024-03-14,rice,20.53,20.81,-0.01345506967803929,20.874285714285715,✅ Stable,-0.2799999999999976,-0.2919999999999995,19.654000000000003,✅ مستقر
2024-03-15,rice,25.89,20.53,0.26108134437408664,21.40142857142857,🚨 Strong Increase,5.359999999999999,0.8759999999999998,28.518,⚠️ المتوقع ارتفاع
2024-03-16,rice,26.01,25.89,0.00463499420625728,21.975714285714286,📈 Uptrend,0.120000000000001,1.3580000000000005,30.084000000000003,🚨 High Risk Increase
2024-03-17,rice,25.96,26.01,-0.001922337562475998,22.611428571428572,📈 Uptrend,-0.05000000000000071,1.2200000000000002,29.62,⚠️ المتوقع ارتفاع
2024-03-18,rice,27.78,25.96,0.07010785824345148,23.834285714285716,⚠️ Increase,1.8200000000000003,1.3940000000000006,31.962000000000003,🚨 High Risk Increase
2024-03-19,rice,27.78,27.78,0.0,24.965714285714284,📈 Uptrend,0.0,1.45,32.13,🚨 High Risk Increase
2024-03-20,rice,27.95,27.78,0.0061195104391648,25.985714285714288,📈 Uptrend,0.16999999999999815,0.41199999999999976,29.186,✅ مستقر
2024-03-21,rice,27.53,27.95,-0.015026833631484729,26.985714285714288,📈 Uptrend,-0.41999999999999815,0.30399999999999994,28.442,✅ مستقر
2024-03-22,rice,27.75,27.53,0.007991282237558985,27.251428571428573,📈 Uptrend,0.21999999999999886,0.3579999999999998,28.823999999999998,✅ مستقر
2024-03-23,rice,27.8,27.75,0.0018018018018018274,27.507142857142856,📈 Uptrend,0.05000000000000071,0.003999999999999915,27.812,✅ مستقر
2024-03-24,rice,27.79,27.8,-0.00035971223021588356,27.76857142857143,📈 Uptrend,-0.010000000000001563,0.001999999999999602,27.796,✅ مستقر
2024-03-25,rice,27.43,27.79,-0.01295430010795248,27.71857142857143,✅ Stable,-0.35999999999999943,-0.10399999999999991,27.118,✅ مستقر
2024-03-26,rice,26.72,27.43,-0.025884068538097004,27.56714285714286,✅ Stable,-0.7100000000000009,-0.16200000000000045,26.233999999999998,✅ مستقر
2024-03-27,rice,26.72,26.72,0.0,27.39142857142857,✅ Stable,0.0,-0.20600000000000024,26.101999999999997,✅ مستقر
2024-03-28,rice,26.51,26.72,-0.007859281437125647,27.245714285714286,✅ Stable,-0.2099999999999973,-0.25799999999999984,25.736,✅ مستقر
2024-03-29,rice,26.85,26.51,0.01282534892493398,27.117142857142856,✅ Stable,0.33999999999999986,-0.18799999999999956,26.286,✅ مستقر
2024-03-30,rice,26.5,26.85,-0.013035381750465602,26.931428571428572,✅ Stable,-0.3500000000000014,-0.18599999999999994,25.942,✅ مستقر
2024-03-31,rice,26.04,26.5,-0.01735849056603777,26.68142857142857,✅ Stable,-0.46000000000000085,-0.13599999999999995,25.631999999999998,✅ مستقر
2024-04-01,rice,25.81,26.04,-0.008832565284178204,26.45,✅ Stable,-0.23000000000000043,-0.18200000000000002,25.264,✅ مستقر
2024-04-02,rice,26.33,25.81,0.020147229755908547,26.39428571428572,✅ Stable,0.5199999999999996,-0.036000000000000656,26.221999999999998,✅ مستقر
2024-04-03,rice,25.74,26.33,-0.022407899734143557,26.254285714285714,✅ Stable,-0.5899999999999999,-0.22200000000000059,25.073999999999998,✅ مستقر
2024-04-04,rice,25.68,25.74,-0.0023310023310022816,26.135714285714283,✅ Stable,-0.05999999999999872,-0.16400000000000006,25.188,✅ مستقر
2024-04-05,rice,26.19,25.68,0.01985981308411221,26.041428571428572,📈 Uptrend,0.5100000000000016,0.030000000000000426,26.28,✅ مستقر
2024-04-06,rice,25.37,26.19,-0.03130966017563957,25.88,✅ Stable,-0.8200000000000003,-0.08799999999999955,25.106,✅ مستقر
2024-04-07,rice,25.51,25.37,0.005518328734726076,25.804285714285715,✅ Stable,0.14000000000000057,-0.16399999999999934,25.018000000000004,✅ مستقر
2024-04-08,rice,25.29,25.51,-0.008624068992552034,25.73,✅ Stable,-0.22000000000000242,-0.08999999999999986,25.02,✅ مستقر
2024-04-09,rice,25.5,25.29,0.008303677342823284,25.611428571428572,✅ Stable,0.21000000000000085,-0.03599999999999994,25.392,✅ مستقر
2024-04-10,rice,26.03,25.5,0.02078431372549024,25.652857142857147,📈 Uptrend,0.5300000000000011,-0.03200000000000003,25.934,✅ مستقر
2024-04-11,rice,26.27,26.03,0.009220130618517034,25.737142857142857,📈 Uptrend,0.23999999999999844,0.17999999999999972,26.81,✅ مستقر
2024-04-12,rice,27.11,26.27,0.03197563760944042,25.868571428571432,📈 Uptrend,0.8399999999999999,0.31999999999999956,28.069999999999997,✅ مستقر
2024-04-13,rice,31.79,27.11,0.17263002582073034,26.785714285714285,🚨 Strong Increase,4.68,1.3,35.69,⚠️ المتوقع ارتفاع
2024-04-14,rice,31.63,31.79,-0.005033029254482547,27.66,📈 Uptrend,-0.16000000000000014,1.2259999999999998,35.308,⚠️ المتوقع ارتفاع
2024-04-15,rice,30.77,31.63,-0.02718937717356938,28.442857142857143,📈 Uptrend,-0.8599999999999994,0.9479999999999997,33.614,⚠️ المتوقع ارتفاع
2024-04-16,rice,30.73,30.77,-0.001299967500812452,29.189999999999998,📈 Uptrend,-0.03999999999999915,0.8920000000000001,33.406,⚠️ المتوقع ارتفاع
2024-04-17,rice,31.01,30.73,0.00911161731207293,29.90142857142857,📈 Uptrend,0.28000000000000114,0.7800000000000005,33.35,⚠️ المتوقع ارتفاع
2024-04-18,rice,30.65,31.01,-0.011609158336020733,30.527142857142856,📈 Uptrend,-0.360000000000003,-0.22800000000000012,29.965999999999998,✅ مستقر
2024-04-19,rice,30.23,30.65,-0.01370309951060353,30.972857142857144,✅ Stable,-0.41999999999999815,-0.2799999999999997,29.39,✅ مستقر
2024-04-20,rice,29.76,30.23,-0.015547469401256992,30.68285714285714,✅ Stable,-0.46999999999999886,-0.2019999999999996,29.154000000000003,✅ مستقر
2024-04-21,rice,30.38,29.76,0.020833333333333245,30.504285714285714,✅ Stable,0.6199999999999974,-0.07000000000000028,30.169999999999998,✅ مستقر
2024-04-22,rice,30.55,30.38,0.005595786701777542,30.472857142857144,📈 Uptrend,0.1700000000000017,-0.09200000000000016,30.274,✅ مستقر
2024-04-23,rice,30.14,30.55,-0.013420621931260233,30.388571428571428,✅ Stable,-0.41000000000000014,-0.1019999999999996,29.834000000000003,✅ مستقر
2024-04-24,rice,29.4,30.14,-0.024552090245520967,30.158571428571427,✅ Stable,-0.740000000000002,-0.16600000000000037,28.901999999999997,✅ مستقر
2024-04-25,rice,28.91,29.4,-0.016666666666666614,29.91,✅ Stable,-0.48999999999999844,-0.1700000000000003,28.4,✅ مستقر
2024-04-26,rice,28.9,28.91,-0.0003459010722933782,29.72,✅ Stable,-0.010000000000001563,-0.2960000000000001,28.011999999999997,✅ مستقر
2024-04-27,rice,28.58,28.9,-0.011072664359861602,29.55142857142857,✅ Stable,-0.3200000000000003,-0.39400000000000046,27.397999999999996,✅ مستقر
2024-04-28,rice,29.4,28.58,0.028691392582225344,29.41142857142857,✅ Stable,0.8200000000000003,-0.1480000000000004,28.955999999999996,✅ مستقر
2024-04-29,rice,29.92,29.4,0.01768707482993208,29.321428571428573,📈 Uptrend,0.5200000000000031,0.10400000000000062,30.232000000000003,✅ مستقر
2024-01-01,sugar,11.97,,,,🔄 No Data,,,11.97,✅ مستقر
2024-01-02,sugar,11.93,11.97,-0.003341687552213945,,✅ Stable,-0.040000000000000924,,11.93,✅ مستقر
2024-01-03,sugar,12.55,11.93,0.05196982397317695,,⚠️ Increase,0.620000000000001,,12.55,✅ مستقر
2024-01-04,sugar,12.94,12.55,0.03107569721115528,,✅ Stable,0.3899999999999988,,12.94,✅ مستقر
2024-01-05,sugar,13.12,12.94,0.013910355486862421,,✅ Stable,0.17999999999999972,,13.12,✅ مستقر
2024-01-06,sugar,13.8,13.12,0.05182926829268304,,⚠️ Increase,0.6800000000000015,0.366,14.898,⚠️ المتوقع ارتفاع
2024-01-07,sugar,13.74,13.8,-0.004347826086956557,12.864285714285714,📈 Uptrend,-0.0600000000000005,0.3620000000000001,14.826,⚠️ المتوقع ارتفاع
2024-01-08,sugar,13.6,13.74,-0.010189228529839925,13.097142857142858,📈 Uptrend,-0.14000000000000057,0.2099999999999998,14.229999999999999,✅ مستقر
2024-01-09,sugar,13.17,13.6,-0.03161764705882351,13.274285714285712,✅ Stable,-0.4299999999999997,0.04600000000000008,13.308,✅ مستقر
2024-01-10,sugar,12.48,13.17,-0.052391799544419096,13.264285714285714,✅ Stable,-0.6899999999999995,-0.12799999999999975,12.096000000000002,✅ مستقر
2024-01-11,sugar,12.57,12.48,0.00721153846153845,13.211428571428572,✅ Stable,0.08999999999999986,-0.24600000000000008,11.832,✅ مستقر
2024-01-12,sugar,12.08,12.57,-0.03898170246618936,13.062857142857142,✅ Stable,-0.4900000000000002,-0.332,11.084,✅ مستقر
2024-01-13,sugar,12.44,12.08,0.029801324503311213,12.868571428571428,✅ Stable,0.35999999999999943,-0.23200000000000004,11.744,✅ مستقر
2024-01-14,sugar,12.17,12.44,-0.02170418006430865,12.644285714285715,✅ Stable,-0.2699999999999996,-0.2,11.57,✅ مستقر
2024-01-15,sugar,12.45,12.17,0.023007395234182364,12.48,✅ Stable,0.27999999999999936,-0.006000000000000227,12.431999999999999,✅ مستقر
2024-01-16,sugar,13.17,12.45,0.057831325301204876,12.479999999999999,⚠️ Increase,0.7200000000000006,0.11999999999999993,13.53,✅ مستقر
2024-01-17,sugar,13.96,13.17,0.05998481397114661,12.691428571428572,⚠️ Increase,0.7900000000000009,0.37600000000000017,15.088000000000001,⚠️ المتوقع ارتفاع
2024-01-18,sugar,13.82,13.96,-0.01002865329512898,12.870000000000001,📈 Uptrend,-0.14000000000000057,0.27600000000000013,14.648000000000001,✅ مستقر
2024-01-19,sugar,13.48,13.82,-0.024602026049204043,13.069999999999999,📈 Uptrend,-0.33999999999999986,0.2620000000000001,14.266,✅ مستقر
2024-01-20,sugar,12.6,13.48,-0.06528189910979235,13.092857142857143,✅ Stable,-0.8800000000000008,0.030000000000000072,12.69,✅ مستقر
2024-01-21,sugar,12.75,12.6,0.011904761904761934,13.175714285714287,✅ Stable,0.15000000000000036,-0.08399999999999999,12.498,✅ مستقر
2024-01-22,sugar,11.78,12.75,-0.07607843137254906,13.08,✅ Stable,-0.9700000000000006,-0.4360000000000003,10.471999999999998,📉 المتوقع انخفاض
2024-01-23,sugar,11.58,11.78,-0.016977928692699432,12.852857142857145,✅ Stable,-0.1999999999999993,-0.44800000000000006,10.236,📉 المتوقع انخفاض
2024-01-24,sugar,12.22,11.58,0.055267702936096764,12.604285714285714,⚠️ Increase,0.6400000000000006,-0.25199999999999995,11.464,✅ مستقر
2024-01-25,sugar,13.02,12.22,0.06546644844517176,12.489999999999998,⚠️ Increase,0.7999999999999989,0.08399999999999999,13.272,✅ مستقر
2024-01-26,sugar,13.07,13.02,0.0038402457757297013,12.431428571428572,📈 Uptrend,0.05000000000000071,0.06400000000000006,13.262,✅ مستقر
2024-01-27,sugar,13.32,13.07,0.019127773527161437,12.534285714285714,📈 Uptrend,0.25,0.30800000000000016,14.244000000000002,✅ مستقر
2024-01-28,sugar,13.5,13.32,0.013513513513513492,12.641428571428571,📈 Uptrend,0.17999999999999972,0.384,14.652000000000001,⚠️ المتوقع ارتفاع
2024-01-29,sugar,14.22,13.5,0.05333333333333338,12.99,⚠️ Increase,0.7200000000000006,0.4,15.420000000000002,⚠️ المتوقع ارتفاع
2024-01-30,sugar,13.62,14.22,-0.042194092827004315,13.281428571428572,📈 Uptrend,-0.6000000000000014,0.11999999999999993,13.979999999999999,✅ مستقر
2024-01-31,sugar,13.14,13.62,-0.035242290748898585,13.412857142857144,✅ Stable,-0.47999999999999865,0.014000000000000058,13.182,✅ مستقر
2024-02-01,sugar,12.62,13.14,-0.039573820395738306,13.355714285714285,✅ Stable,-0.5200000000000014,-0.1400000000000002,12.2,✅ مستقر
2024-02-02,sugar,11.93,12.62,-0.05467511885895401,13.192857142857141,✅ Stable,-0.6899999999999995,-0.31400000000000006,10.988,✅ مستقر
2024-02-03,sugar,11.69,11.93,-0.02011735121542332,12.959999999999999,✅ Stable,-0.2400000000000002,-0.5060000000000002,10.171999999999999,📉 المتوقع انخفاض
2024-02-04,sugar,11.25,11.69,-0.037639007698887894,12.638571428571428,✅ Stable,-0.4399999999999995,-0.47399999999999987,9.828,📉 المتوقع انخفاض
2024-02-05,sugar,11.93,11.25,0.06044444444444442,12.311428571428573,⚠️ Increase,0.6799999999999997,-0.24200000000000016,11.203999999999999,✅ مستقر
2024-02-06,sugar,11.53,11.93,-0.0335289186923722,12.012857142857142,✅ Stable,-0.40000000000000036,-0.21799999999999997,10.876,✅ مستقر
2024-02-07,sugar,11.4,11.53,-0.011274934952298267,11.764285714285714,✅ Stable,-0.129999999999999,-0.10599999999999987,11.082,✅ مستقر
2024-02-08,sugar,11.55,11.4,0.013157894736842136,11.611428571428572,✅ Stable,0.15000000000000036,-0.027999999999999758,11.466000000000001,✅ مستقر
2024-02-09,sugar,10.9,11.55,-0.05627705627705631,11.464285714285714,✅ Stable,-0.6500000000000004,-0.06999999999999992,10.690000000000001,✅ مستقر
2024-02-10,sugar,10.84,10.9,-0.005504587155963348,11.342857142857143,✅ Stable,-0.0600000000000005,-0.21799999999999997,10.186,✅ مستقر
2024-02-11,sugar,14.12,10.84,0.30258302583025826,11.752857142857142,🚨 Strong Increase,3.2799999999999994,0.518,15.674,⚠️ المتوقع ارتفاع
2024-02-12,sugar,13.15,14.12,-0.06869688385269114,11.927142857142858,📈 Uptrend,-0.9699999999999989,0.35,14.2,⚠️ المتوقع ارتفاع
2024-02-13,sugar,12.78,13.15,-0.028136882129277643,12.105714285714287,📈 Uptrend,-0.370000000000001,0.24599999999999972,13.517999999999999,✅ مستقر
2024-02-14,sugar,12.61,12.78,-0.013302034428794988,12.278571428571428,📈 Uptrend,-0.16999999999999993,0.3419999999999998,13.636,⚠️ المتوقع ارتفاع
2024-02-15,sugar,12.18,12.61,-0.03409992069785882,12.368571428571428,✅ Stable,-0.4299999999999997,0.26799999999999996,12.984,✅ مستقر
2024-02-16,sugar,12.56,12.18,0.03119868637110023,12.605714285714285,✅ Stable,0.3800000000000008,-0.3119999999999997,11.624,✅ مستقر
2024-02-17,sugar,12.57,12.56,0.0007961783439490276,12.852857142857143,✅ Stable,0.009999999999999787,-0.11600000000000002,12.222,✅ مستقر
2024-02-18,sugar,12.54,12.57,-0.0023866348448688254,12.627142857142857,✅ Stable,-0.030000000000001137,-0.04800000000000004,12.395999999999999,✅ مستقر
2024-02-19,sugar,12.7,12.54,0.012759170653907508,12.562857142857142,📈 Uptrend,0.16000000000000014,0.01799999999999997,12.754,✅ مستقر
2024-02-20,sugar,12.86,12.7,0.012598425196850406,12.574285714285713,📈 Uptrend,0.16000000000000014,0.13599999999999995,13.267999999999999,✅ مستقر
2024-02-21,sugar,12.26,12.86,-0.046656298600311015,12.524285714285712,✅ Stable,-0.5999999999999996,-0.060000000000000143,12.08,✅ مستقر
2024-02-22,sugar,12.01,12.26,-0.020391517128874388,12.5,✅ Stable,-0.25,-0.1120000000000001,11.674,✅ مستقر
2024-02-23,sugar,12.26,12.01,0.020815986677768527,12.457142857142857,✅ Stable,0.25,-0.05599999999999987,12.092,✅ مستقر
2024-02-24,sugar,8.87,12.26,-0.27650897226753673,11.928571428571427,✅ Stable,-3.3900000000000006,-0.766,6.571999999999999,📉 المتوقع انخفاض
2024-02-25,sugar,8.57,8.87,-0.03382187147688827,11.361428571428572,✅ Stable,-0.29999999999999893,-0.8579999999999999,5.996,📉 المتوقع انخفاض
2024-02-26,sugar,9.31,8.57,0.08634772462077014,10.877142857142857,⚠️ Increase,0.7400000000000002,-0.5899999999999999,7.540000000000001,📉 المتوقع انخفاض
2024-02-27,sugar,9.57,9.31,0.027926960257787303,10.407142857142857,✅ Stable,0.2599999999999998,-0.4879999999999999,8.106000000000002,📉 المتوقع انخفاض
2024-02-28,sugar,10.05,9.57,0.050156739811912265,10.09142857142857,⚠️ Increase,0.4800000000000004,-0.44199999999999984,8.724,📉 المتوقع انخفاض
2024-02-29,sugar,10.42,10.05,0.03681592039800987,9.864285714285714,📈 Uptrend,0.3699999999999992,0.31000000000000016,11.35,⚠️ المتوقع ارتفاع
2024-03-01,sugar,10.81,10.42,0.03742802303262961,9.657142857142857,📈 Uptrend,0.39000000000000057,0.44800000000000006,12.154,⚠️ المتوقع ارتفاع
2024-03-02,sugar,10.61,10.81,-0.018501387604070402,9.905714285714286,📈 Uptrend,-0.20000000000000107,0.2599999999999998,11.389999999999999,⚠️ المتوقع ارتفاع
2024-03-03,sugar,9.84,10.61,-0.07257304429783219,10.087142857142856,✅ Stable,-0.7699999999999996,0.053999999999999916,10.001999999999999,✅ مستقر
2024-03-04,sugar,9.48,9.84,-0.03658536585365848,10.111428571428572,✅ Stable,-0.35999999999999943,-0.11400000000000006,9.138,✅ مستقر
2024-03-05,sugar,9.33,9.48,-0.015822784810126618,10.077142857142858,✅ Stable,-0.15000000000000036,-0.21799999999999997,8.676,✅ مستقر
2024-03-06,sugar,10.16,9.33,0.08896034297963559,10.092857142857143,⚠️ Increase,0.8300000000000001,-0.13000000000000006,9.77,✅ مستقر
2024-03-07,sugar,10.19,10.16,0.002952755905511748,10.06,📈 Uptrend,0.02999999999999936,-0.08399999999999999,9.937999999999999,✅ مستقر
2024-03-08,sugar,10.05,10.19,-0.013738959764474857,9.95142857142857,📈 Uptrend,-0.1399999999999988,0.04200000000000017,10.176000000000002,✅ مستقر
2024-03-09,sugar,10.3,10.05,0.02487562189054726,9.907142857142857,📈 Uptrend,0.25,0.16400000000000006,10.792000000000002,✅ مستقر
2024-03-10,sugar,9.78,10.3,-0.05048543689320401,9.89857142857143,✅ Stable,-0.5200000000000014,0.08999999999999986,10.049999999999999,✅ مستقر
2024-03-11,sugar,9.69,9.78,-0.009202453987730048,9.928571428571429,✅ Stable,-0.08999999999999986,-0.09400000000000013,9.408,✅ مستقر
2024-03-12,sugar,9.63,9.69,-0.006191950464396153,9.971428571428572,✅ Stable,-0.05999999999999872,-0.11199999999999974,9.294000000000002,✅ مستقر
2024-03-13,sugar,9.02,9.63,-0.06334371754932515,9.808571428571428,✅ Stable,-0.6100000000000012,-0.20600000000000024,8.402,✅ مستقر
2024-03-14,sugar,8.79,9.02,-0.025498891352549936,9.608571428571429,✅ Stable,-0.23000000000000043,-0.3020000000000003,7.883999999999999,📉 المتوقع انخفاض
2024-03-15,sugar,8.83,8.79,0.004550625711035373,9.434285714285712,✅ Stable,0.040000000000000924,-0.18999999999999986,8.26,✅ مستقر
2024-03-16,sugar,9.14,8.83,0.03510758776896948,9.268571428571429,✅ Stable,0.3100000000000005,-0.10999999999999979,8.81,✅ مستقر
2024-03-17,sugar,9.42,9.14,0.03063457330415748,9.217142857142857,📈 Uptrend,0.27999999999999936,-0.04200000000000017,9.293999999999999,✅ مستقر
2024-03-18,sugar,9.36,9.42,-0.00636942675159241,9.17,📈 Uptrend,-0.0600000000000005,0.06799999999999998,9.564,✅ مستقر
2024-03-19,sugar,9.54,9.36,0.0192307692307692,9.157142857142857,📈 Uptrend,0.17999999999999972,0.15,9.989999999999998,✅ مستقر
2024-03-20,sugar,8.69,9.54,-0.08909853249475888,9.11,✅ Stable,-0.8499999999999996,-0.028000000000000115,8.606,✅ مستقر
2024-03-21,sugar,8.78,8.69,0.010356731875719201,9.108571428571429,✅ Stable,0.08999999999999986,-0.07200000000000024,8.563999999999998,✅ مستقر
2024-03-22,sugar,8.32,8.78,-0.052391799544419033,9.035714285714286,✅ Stable,-0.4599999999999991,-0.21999999999999992,7.66,✅ مستقر
2024-03-23,sugar,8.15,8.32,-0.020432692307692298,8.894285714285713,✅ Stable,-0.16999999999999993,-0.24199999999999983,7.424000000000001,✅ مستقر
2024-03-24,sugar,7.34,8.15,-0.09938650306748471,8.597142857142856,✅ Stable,-0.8100000000000005,-0.43999999999999984,6.0200000000000005,📉 المتوقع انخفاض
2024-03-25,sugar,7.47,7.34,0.017711171662125328,8.327142857142857,✅ Stable,0.1299999999999999,-0.24399999999999994,6.7379999999999995,✅ مستقر
2024-03-26,sugar,7.05,7.47,-0.056224899598393566,7.971428571428571,✅ Stable,-0.41999999999999993,-0.3459999999999999,6.0120000000000005,📉 المتوقع انخفاض
2024-03-27,sugar,6.08,7.05,-0.13758865248226948,7.598571428571428,✅ Stable,-0.9699999999999998,-0.44800000000000006,4.736,📉 المتوقع انخفاض
2024-03-28,sugar,5.73,6.08,-0.057565789473684154,7.162857142857143,✅ Stable,-0.34999999999999964,-0.484,4.2780000000000005,📉 المتوقع انخفاض
2024-03-29,sugar,5.61,5.73,-0.02094240837696337,6.775714285714286,✅ Stable,-0.1200000000000001,-0.3459999999999999,4.572000000000001,📉 المتوقع انخفاض
2024-03-30,sugar,5.07,5.61,-0.0962566844919786,6.335714285714286,✅ Stable,-0.54,-0.47999999999999987,3.630000000000001,📉 المتوقع انخفاض
2024-03-31,sugar,5.53,5.07,0.09072978303747534,6.077142857142858,⚠️ Increase,0.45999999999999996,-0.30399999999999994,4.618,📉 المتوقع انخفاض
2024-04-01,sugar,6.63,5.53,0.19891500904159123,5.957142857142856,🚨 Strong Increase,1.0999999999999996,0.10999999999999996,6.96,✅ مستقر
2024-04-02,sugar,6.55,6.63,-0.012066365007541489,5.885714285714286,📈 Uptrend,-0.08000000000000007,0.16399999999999987,7.042,⚠️ المتوقع ارتفاع
2024-04-03,sugar,6.75,6.55,0.030534351145038195,5.981428571428572,📈 Uptrend,0.20000000000000018,0.22799999999999992,7.433999999999999,⚠️ المتوقع ارتفاع
2024-04-04,sugar,6.8,6.75,0.007407407407407381,6.134285714285714,📈 Uptrend,0.04999999999999982,0.3459999999999999,7.837999999999999,🚨 High Risk Increase
2024-04-05,sugar,5.62,6.8,-0.17352941176470585,6.135714285714286,✅ Stable,-1.1799999999999997,0.01799999999999997,5.674,✅ مستقر
2024-04-06,sugar,5.61,5.62,-0.0017793594306049442,6.2128571428571435,✅ Stable,-0.009999999999999787,-0.2039999999999999,4.998000000000001,📉 المتوقع انخفاض
2024-04-07,sugar,5.29,5.61,-0.05704099821746885,6.178571428571429,✅ Stable,-0.3200000000000003,-0.25199999999999995,4.534000000000001,📉 المتوقع انخفاض
2024-04-08,sugar,5.21,5.29,-0.01512287334593574,5.975714285714287,✅ Stable,-0.08000000000000007,-0.308,4.286,📉 المتوقع انخفاض
2024-04-09,sugar,5.31,5.21,0.019193857965450988,5.798571428571428,✅ Stable,0.09999999999999964,-0.29800000000000004,4.4159999999999995,📉 المتوقع انخفاض
2024-04-10,sugar,5.72,5.31,0.07721280602636538,5.65142857142857,⚠️ Increase,0.41000000000000014,0.019999999999999928,5.779999999999999,✅ مستقر
2024-04-11,sugar,5.3,5.72,-0.07342657342657341,5.437142857142858,✅ Stable,-0.41999999999999993,-0.0620000000000001,5.114,✅ مستقر
2024-04-12,sugar,5.32,5.3,0.0037735849056604646,5.394285714285714,✅ Stable,0.020000000000000462,0.0060000000000000496,5.338,✅ مستقر
2024-04-13,sugar,5.32,5.32,0.0,5.352857142857142,✅ Stable,0.0,0.022000000000000065,5.386,✅ مستقر
2024-04-14,sugar,4.16,5.32,-0.2180451127819549,5.191428571428571,✅ Stable,-1.1600000000000001,-0.2299999999999999,3.4700000000000006,📉 المتوقع انخفاض
2024-04-15,sugar,3.35,4.16,-0.19471153846153846,4.925714285714286,✅ Stable,-0.81,-0.4739999999999999,1.9280000000000004,📉 المتوقع انخفاض
2024-04-16,sugar,3.81,3.35,0.13731343283582087,4.711428571428571,🚨 Strong Increase,0.45999999999999996,-0.29799999999999993,2.9160000000000004,📉 المتوقع انخفاض
2024-04-17,sugar,4.08,3.81,0.07086614173228346,4.477142857142857,⚠️ Increase,0.27,-0.24800000000000005,3.336,📉 المتوقع انخفاض
2024-04-18,sugar,4.24,4.08,0.03921568627450984,4.325714285714286,✅ Stable,0.16000000000000014,-0.21600000000000003,3.592,📉 المتوقع انخفاض
2024-04-19,sugar,3.85,4.24,-0.09198113207547172,4.115714285714286,✅ Stable,-0.3900000000000001,-0.06200000000000001,3.664,✅ مستقر
2024-04-20,sugar,3.52,3.85,-0.08571428571428573,3.858571428571429,✅ Stable,-0.33000000000000007,0.03399999999999999,3.622,✅ مستقر
2024-04-21,sugar,4.05,3.52,0.15056818181818177,3.842857142857143,🚨 Strong Increase,0.5299999999999998,0.04799999999999995,4.194,✅ مستقر
2024-04-22,sugar,4.47,4.05,0.10370370370370369,4.002857142857143,🚨 Strong Increase,0.41999999999999993,0.07799999999999993,4.704,✅ مستقر
2024-04-23,sugar,4.82,4.47,0.0782997762863536,4.147142857142858,⚠️ Increase,0.35000000000000053,0.11600000000000002,5.168,⚠️ المتوقع ارتفاع
2024-04-24,sugar,4.56,4.82,-0.05394190871369308,4.215714285714285,📈 Uptrend,-0.2600000000000007,0.1419999999999999,4.985999999999999,⚠️ المتوقع ارتفاع
2024-04-25,sugar,4.23,4.56,-0.0723684210526314,4.214285714285714,📈 Uptrend,-0.3299999999999992,0.14200000000000007,4.656000000000001,⚠️ المتوقع ارتفاع
2024-04-26,sugar,4.44,4.23,0.049645390070921974,4.298571428571429,📈 Uptrend,0.20999999999999996,0.07800000000000011,4.674,✅ مستقر
2024-04-27,sugar,4.43,4.44,-0.002252252252252404,4.428571428571429,📈 Uptrend,-0.010000000000000675,-0.008000000000000007,4.406,✅ مستقر
2024-04-28,sugar,4.1,4.43,-0.07449209932279911,4.435714285714286,✅ Stable,-0.33000000000000007,-0.14400000000000013,3.6679999999999993,📉 المتوقع انخفاض
2024-04-29,sugar,4.85,4.1,0.1829268292682927,4.49,🚨 Strong Increase,0.75,0.05800000000000001,5.024,✅ مستقر
2024-01-01,tomato,10.1,,,,🔄 No Data,,,10.1,✅ مستقر
2024-01-02,tomato,13.3,10.1,0.31683168316831695,,🚨 Strong Increase,3.200000000000001,,13.3,✅ مستقر
2024-01-03,tomato,13.52,13.3,0.016541353383458562,,✅ Stable,0.21999999999999886,,13.52,✅ مستقر
2024-01-04,tomato,13.53,13.52,0.0007396449704141854,,✅ Stable,0.009999999999999787,,13.53,✅ مستقر
2024-01-05,tomato,12.78,13.53,-0.05543237250554324,,✅ Stable,-0.75,,12.78,✅ مستقر
2024-01-06,tomato,12.39,12.78,-0.030516431924882535,,✅ Stable,-0.3899999999999988,0.4580000000000002,13.764000000000001,⚠️ المتوقع ارتفاع
2024-01-07,tomato,12.38,12.39,-0.000807102502017739,12.571428571428571,✅ Stable,-0.009999999999999787,-0.184,11.828000000000001,✅ مستقر
2024-01-08,tomato,11.7,12.38,-0.05492730210016167,12.8,✅ Stable,-0.6800000000000015,-0.36400000000000005,10.607999999999999,✅ مستقر
2024-01-09,tomato,11.33,11.7,-0.03162393162393156,12.518571428571429,✅ Stable,-0.3699999999999992,-0.43999999999999984,10.010000000000002,📉 المتوقع انخفاض
2024-01-10,tomato,11.61,11.33,0.024713150926743102,12.245714285714286,✅ Stable,0.27999999999999936,-0.23399999999999999,10.908,✅ مستقر
2024-01-11,tomato,11.42,11.61,-0.016365202411714,11.944285714285714,✅ Stable,-0.1899999999999995,-0.19400000000000012,10.838,✅ مستقر
2024-01-12,tomato,8.27,11.42,-0.2758318739054291,11.299999999999999,✅ Stable,-3.1500000000000004,-0.8220000000000003,5.8039999999999985,📉 المتوقع انخفاض
2024-01-13,tomato,8.31,8.27,0.004836759371221393,10.717142857142857,✅ Stable,0.040000000000000924,-0.6779999999999997,6.276000000000002,📉 المتوقع انخفاض
2024-01-14,tomato,8.85,8.31,0.06498194945848365,10.212857142857143,⚠️ Increase,0.5399999999999991,-0.4960000000000001,7.361999999999999,📉 المتوقع انخفاض
2024-01-15,tomato,6.96,8.85,-0.21355932203389827,9.535714285714286,✅ Stable,-1.8899999999999997,-0.9299999999999999,4.17,📉 المتوقع انخفاض
2024-01-16,tomato,6.78,6.96,-0.0258620689655172,8.885714285714284,✅ Stable,-0.17999999999999972,-0.9279999999999999,3.9960000000000004,📉 المتوقع انخفاض
2024-01-17,tomato,5.93,6.78,-0.1253687315634219,8.074285714285713,✅ Stable,-0.8500000000000005,-0.46799999999999997,4.526,📉 المتوقع انخفاض
2024-01-18,tomato,5.68,5.93,-0.04215851602023609,7.254285714285714,✅ Stable,-0.25,-0.5260000000000001,4.101999999999999,📉 المتوقع انخفاض
2024-01-19,tomato,5.88,5.68,0.03521126760563384,6.912857142857143,✅ Stable,0.20000000000000018,-0.594,4.098,📉 المتوقع انخفاض
2024-01-20,tomato,4.91,5.88,-0.16496598639455778,6.427142857142856,✅ Stable,-0.9699999999999998,-0.41,3.68,📉 المتوقع انخفاض
2024-01-21,tomato,4.92,4.91,0.0020366598778003638,5.865714285714286,✅ Stable,0.009999999999999787,-0.37200000000000005,3.804,📉 المتوقع انخفاض
2024-01-22,tomato,4.64,4.92,-0.05691056910569111,5.534285714285715,✅ Stable,-0.28000000000000025,-0.258,3.8659999999999997,📉 المتوقع انخفاض
2024-01-23,tomato,5.44,4.64,0.17241379310344845,5.3428571428571425,🚨 Strong Increase,0.8000000000000007,-0.04799999999999986,5.296000000000001,✅ مستقر
2024-01-24,tomato,9.47,5.44,0.7408088235294118,5.848571428571428,🚨 Strong Increase,4.03,0.7180000000000002,11.624000000000002,🚨 High Risk Increase
2024-01-25,tomato,9.11,9.47,-0.03801478352692726,6.338571428571429,📈 Uptrend,-0.3600000000000012,0.8399999999999999,11.629999999999999,🚨 High Risk Increase
2024-01-26,tomato,9.38,9.11,0.02963776070252485,6.838571428571428,📈 Uptrend,0.27000000000000135,0.8920000000000001,12.056000000000001,🚨 High Risk Increase
2024-01-27,tomato,8.63,9.38,-0.07995735607675905,7.37,📈 Uptrend,-0.75,0.7980000000000003,11.024000000000001,🚨 High Risk Increase
2024-01-28,tomato,8.12,8.63,-0.05909617612978001,7.827142857142857,📈 Uptrend,-0.5100000000000016,0.5359999999999998,9.727999999999998,🚨 High Risk Increase
2024-01-29,tomato,8.26,8.12,0.0172413793103449,8.344285714285714,✅ Stable,0.14000000000000057,-0.24200000000000016,7.533999999999999,✅ مستقر
2024-01-30,tomato,7.88,8.26,-0.046004842615012094,8.692857142857143,✅ Stable,-0.3799999999999999,-0.2459999999999999,7.142,✅ مستقر
2024-01-31,tomato,7.8,7.88,-0.0101522842639594,8.454285714285714,✅ Stable,-0.08000000000000007,-0.31600000000000017,6.851999999999999,📉 المتوقع انخفاض
2024-02-01,tomato,7.95,7.8,0.019230769230769277,8.288571428571428,✅ Stable,0.15000000000000036,-0.13600000000000012,7.542,✅ مستقر
2024-02-02,tomato,9.41,7.95,0.18364779874213835,8.292857142857143,🚨 Strong Increase,1.46,0.2580000000000002,10.184000000000001,⚠️ المتوقع ارتفاع
2024-02-03,tomato,9.46,9.41,0.005313496280552679,8.411428571428571,📈 Uptrend,0.05000000000000071,0.2400000000000002,10.180000000000001,⚠️ المتوقع ارتفاع
2024-02-04,tomato,9.33,9.46,-0.013742071881606846,8.584285714285715,📈 Uptrend,-0.13000000000000078,0.29000000000000004,10.2,⚠️ المتوقع ارتفاع
2024-02-05,tomato,8.74,9.33,-0.06323687031082528,8.652857142857142,📈 Uptrend,-0.5899999999999999,0.18800000000000008,9.304,✅ مستقر
2024-02-06,tomato,8.83,8.74,0.010297482837528588,8.788571428571428,📈 Uptrend,0.08999999999999986,0.176,9.358,✅ مستقر
2024-02-07,tomato,8.03,8.83,-0.09060022650056633,8.821428571428571,✅ Stable,-0.8000000000000007,-0.27600000000000013,7.201999999999999,📉 المتوقع انخفاض
2024-02-08,tomato,7.86,8.03,-0.021170610211705986,8.80857142857143,✅ Stable,-0.16999999999999904,-0.3200000000000001,6.9,📉 المتوقع انخفاض
2024-02-09,tomato,8.39,7.86,0.06743002544529265,8.662857142857144,⚠️ Increase,0.5300000000000002,-0.1879999999999999,7.8260000000000005,✅ مستقر
2024-02-10,tomato,8.01,8.39,-0.04529201430274145,8.455714285714286,✅ Stable,-0.3800000000000008,-0.14600000000000007,7.571999999999999,✅ مستقر
2024-02-11,tomato,8.74,8.01,0.0911360799001249,8.37142857142857,⚠️ Increase,0.7300000000000004,-0.01799999999999997,8.686,✅ مستقر
2024-02-12,tomato,8.53,8.74,-0.024027459954233506,8.34142857142857,📈 Uptrend,-0.21000000000000085,0.1,8.83,✅ مستقر
2024-02-13,tomato,8.58,8.53,0.005861664712778513,8.305714285714286,📈 Uptrend,0.05000000000000071,0.14399999999999996,9.012,✅ مستقر
2024-02-14,tomato,9.05,8.58,0.05477855477855485,8.45142857142857,⚠️ Increase,0.47000000000000064,0.13200000000000003,9.446000000000002,✅ مستقر
2024-02-15,tomato,8.52,9.05,-0.05856353591160233,8.545714285714284,✅ Stable,-0.5300000000000011,0.10199999999999995,8.825999999999999,✅ مستقر
2024-02-16,tomato,8.61,8.52,0.010563380281690125,8.577142857142857,📈 Uptrend,0.08999999999999986,-0.026000000000000155,8.531999999999998,✅ مستقر
2024-02-17,tomato,9.53,8.61,0.10685249709639953,8.794285714285714,🚨 Strong Increase,0.9199999999999999,0.2,10.129999999999999,✅ مستقر
2024-02-18,tomato,10.87,9.53,0.14060860440713535,9.098571428571429,🚨 Strong Increase,1.3399999999999999,0.45799999999999985,12.244,⚠️ المتوقع ارتفاع
2024-02-19,tomato,10.98,10.87,0.010119595216191464,9.448571428571428,📈 Uptrend,0.11000000000000121,0.38599999999999995,12.138,⚠️ المتوقع ارتفاع
2024-02-20,tomato,11.28,10.98,0.0273224043715846,9.834285714285715,📈 Uptrend,0.29999999999999893,0.5519999999999999,12.936,⚠️ المتوقع ارتفاع
2024-02-21,tomato,11.04,11.28,-0.02127659574468087,10.118571428571428,📈 Uptrend,-0.2400000000000002,0.48599999999999993,12.498,⚠️ المتوقع ارتفاع
2024-02-22,tomato,11.53,11.04,0.044384057971014516,10.54857142857143,📈 Uptrend,0.4900000000000002,0.4,12.73,⚠️ المتوقع ارتفاع
2024-02-23,tomato,11.98,11.53,0.03902862098872516,11.030000000000001,📈 Uptrend,0.45000000000000107,0.22200000000000025,12.646,✅ مستقر
2024-02-24,tomato,12.39,11.98,0.03422370617696161,11.438571428571427,📈 Uptrend,0.41000000000000014,0.28200000000000003,13.236,✅ مستقر
2024-02-25,tomato,13.07,12.39,0.0548829701372074,11.752857142857142,⚠️ Increase,0.6799999999999997,0.3580000000000002,14.144000000000002,⚠️ المتوقع ارتفاع
2024-02-26,tomato,13.29,13.07,0.01683244070390198,12.08285714285714,📈 Uptrend,0.21999999999999886,0.45,14.639999999999999,⚠️ المتوقع ارتفاع
2024-02-27,tomato,13.15,13.29,-0.010534236267870489,12.35,📈 Uptrend,-0.1399999999999988,0.3240000000000002,14.122000000000002,⚠️ المتوقع ارتفاع
2024-02-28,tomato,12.61,13.15,-0.04106463878327003,12.574285714285713,📈 Uptrend,-0.5400000000000009,0.1259999999999998,12.988,✅ مستقر
2024-02-29,tomato,12.7,12.61,0.007137192704203003,12.741428571428571,✅ Stable,0.08999999999999986,0.06199999999999974,12.886,✅ مستقر
2024-03-01,tomato,15.71,12.7,0.23700787401574816,13.274285714285714,🚨 Strong Increase,3.0100000000000016,0.5280000000000001,17.294,⚠️ المتوقع ارتفاع
2024-03-02,tomato,15.76,15.71,0.00318268618714188,13.755714285714287,📈 Uptrend,0.049999999999998934,0.4940000000000001,17.242,⚠️ المتوقع ارتفاع
2024-03-03,tomato,15.26,15.76,-0.031725888324873094,14.06857142857143,📈 Uptrend,-0.5,0.4219999999999999,16.526,⚠️ المتوقع ارتفاع
2024-03-04,tomato,15.67,15.26,0.026867627785058988,14.408571428571426,📈 Uptrend,0.41000000000000014,0.6120000000000001,17.506,⚠️ المتوقع ارتفاع
2024-03-05,tomato,15.88,15.67,0.013401403956605032,14.79857142857143,📈 Uptrend,0.21000000000000085,0.6360000000000003,17.788,⚠️ المتوقع ارتفاع
2024-03-06,tomato,17.47,15.88,0.10012594458438275,15.492857142857144,🚨 Strong Increase,1.589999999999998,0.3519999999999996,18.525999999999996,✅ مستقر
2024-03-07,tomato,17.89,17.47,0.024041213508872453,16.234285714285715,📈 Uptrend,0.4200000000000017,0.42600000000000016,19.168,⚠️ المتوقع ارتفاع
2024-03-08,tomato,18.5,17.89,0.034097261039686945,16.632857142857144,📈 Uptrend,0.6099999999999994,0.648,20.444,⚠️ المتوقع ارتفاع
2024-03-09,tomato,19.61,18.5,0.05999999999999997,17.18285714285714,⚠️ Increase,1.1099999999999994,0.7879999999999999,21.974,⚠️ المتوقع ارتفاع
2024-03-10,tomato,18.61,19.61,-0.05099439061703213,17.66142857142857,📈 Uptrend,-1.0,0.5459999999999997,20.247999999999998,⚠️ المتوقع ارتفاع
2024-03-11,tomato,18.87,18.61,0.013970983342289175,18.118571428571432,📈 Uptrend,0.26000000000000156,0.2800000000000004,19.71,✅ مستقر
2024-03-12,tomato,18.75,18.87,-0.006359300476947588,18.52857142857143,📈 Uptrend,-0.120000000000001,0.17199999999999988,19.266,✅ مستقر
2024-03-13,tomato,19.14,18.75,0.02080000000000003,18.767142857142858,📈 Uptrend,0.39000000000000057,0.1280000000000001,19.524,✅ مستقر
2024-03-14,tomato,19.41,19.14,0.01410658307210029,18.98428571428571,📈 Uptrend,0.2699999999999996,-0.039999999999999855,19.29,✅ مستقر
2024-03-15,tomato,19.97,19.41,0.028851107676455368,19.194285714285716,📈 Uptrend,0.5599999999999987,0.2719999999999999,20.785999999999998,✅ مستقر
2024-03-16,tomato,20.49,19.97,0.026039058587881803,19.32,📈 Uptrend,0.5199999999999996,0.3239999999999995,21.461999999999996,✅ مستقر
2024-03-17,tomato,20.11,20.49,-0.018545632015617326,19.534285714285716,📈 Uptrend,-0.379999999999999,0.2719999999999999,20.926,✅ مستقر
2024-03-18,tomato,20.39,20.11,0.013923421183490858,19.75142857142857,📈 Uptrend,0.28000000000000114,0.25,21.14,✅ مستقر
2024-03-19,tomato,20.42,20.39,0.0014713094654242832,19.990000000000002,📈 Uptrend,0.030000000000001137,0.20200000000000032,21.026000000000003,✅ مستقر
2024-03-20,tomato,24.54,20.42,0.20176297747306549,20.76142857142857,🚨 Strong Increase,4.119999999999997,0.914,27.282,⚠️ المتوقع ارتفاع
2024-03-21,tomato,24.74,24.54,0.00814995925020372,21.52285714285714,📈 Uptrend,0.1999999999999993,0.85,27.29,⚠️ المتوقع ارتفاع
2024-03-22,tomato,25.65,24.74,0.03678253839935328,22.334285714285716,📈 Uptrend,0.9100000000000001,1.1079999999999999,28.973999999999997,⚠️ المتوقع ارتفاع
2024-03-23,tomato,25.94,25.65,0.01130604288499036,23.11285714285714,📈 Uptrend,0.2900000000000027,1.11,29.270000000000003,⚠️ المتوقع ارتفاع
2024-03-24,tomato,26.36,25.94,0.016191210485736244,24.005714285714284,📈 Uptrend,0.41999999999999815,1.1879999999999995,29.924,⚠️ المتوقع ارتفاع
2024-03-25,tomato,26.71,26.36,0.013277693474962118,24.908571428571427,📈 Uptrend,0.3500000000000014,0.43400000000000033,28.012,✅ مستقر
2024-03-26,tomato,27.09,26.71,0.014226881317858443,25.861428571428572,📈 Uptrend,0.379999999999999,0.4700000000000003,28.5,✅ مستقر
2024-03-27,tomato,27.07,27.09,-0.0007382798080472342,26.222857142857144,📈 Uptrend,-0.019999999999999574,0.28400000000000036,27.922,✅ مستقر
2024-03-28,tomato,26.97,27.07,-0.0036941263391208506,26.541428571428572,📈 Uptrend,-0.10000000000000142,0.20599999999999952,27.587999999999997,✅ مستقر
2024-03-29,tomato,27.24,26.97,0.010011123470522788,26.768571428571427,📈 Uptrend,0.2699999999999996,0.1759999999999998,27.767999999999997,✅ مستقر
2024-03-30,tomato,27.15,27.24,-0.003303964757709246,26.94142857142857,📈 Uptrend,-0.08999999999999986,0.08799999999999955,27.413999999999998,✅ مستقر
2024-03-31,tomato,26.98,27.15,-0.006261510128913376,27.03,✅ Stable,-0.16999999999999815,-0.021999999999999888,26.914,✅ مستقر
2024-04-01,tomato,26.89,26.98,-0.0033358042994810918,27.055714285714284,✅ Stable,-0.08999999999999986,-0.03599999999999994,26.782,✅ مستقر
2024-04-02,tomato,26.84,26.89,-0.0018594272963927375,27.02,✅ Stable,-0.05000000000000071,-0.0259999999999998,26.762,✅ مستقر
2024-04-03,tomato,26.88,26.84,0.0014903129657227701,26.99285714285714,✅ Stable,0.03999999999999915,-0.07199999999999988,26.663999999999998,✅ مستقر
2024-04-04,tomato,26.18,26.88,-0.02604166666666664,26.88,✅ Stable,-0.6999999999999993,-0.19399999999999978,25.598,✅ مستقر
2024-04-05,tomato,25.58,26.18,-0.022918258212375912,26.642857142857142,✅ Stable,-0.6000000000000014,-0.2800000000000004,24.74,✅ مستقر
2024-04-06,tomato,25.21,25.58,-0.014464425332290753,26.365714285714287,✅ Stable,-0.36999999999999744,-0.33599999999999997,24.202,✅ مستقر
2024-04-07,tomato,25.55,25.21,0.013486711622372069,26.16142857142857,✅ Stable,0.33999999999999986,-0.25799999999999984,24.776,✅ مستقر
2024-04-08,tomato,26.04,25.55,0.01917808219178076,26.04,✅ Stable,0.48999999999999844,-0.16799999999999998,25.535999999999998,✅ مستقر
2024-04-09,tomato,26.21,26.04,0.006528417818740465,25.95,📈 Uptrend,0.1700000000000017,0.006000000000000227,26.228,✅ مستقر
2024-04-10,tomato,25.74,26.21,-0.01793208698969868,25.787142857142857,✅ Stable,-0.4700000000000024,0.03200000000000003,25.836,✅ مستقر
2024-04-11,tomato,25.95,25.74,0.008158508158508193,25.754285714285714,📈 Uptrend,0.21000000000000085,0.1479999999999997,26.394,✅ مستقر
2024-04-12,tomato,25.86,25.95,-0.003468208092485544,25.794285714285714,📈 Uptrend,-0.08999999999999986,0.06199999999999974,26.046,✅ مستقر
2024-04-13,tomato,25.08,25.86,-0.030162412993039487,25.775714285714287,✅ Stable,-0.7800000000000011,-0.19200000000000017,24.503999999999998,✅ مستقر
2024-04-14,tomato,24.03,25.08,-0.041866028708133864,25.55857142857143,✅ Stable,-1.0499999999999972,-0.43599999999999994,22.722,✅ مستقر
2024-04-15,tomato,24.37,24.03,0.014148980441115266,25.32,✅ Stable,0.33999999999999986,-0.27399999999999947,23.548000000000002,✅ مستقر
2024-04-16,tomato,24.62,24.37,0.010258514567090685,25.092857142857145,✅ Stable,0.25,-0.2659999999999997,23.822000000000003,✅ مستقر
2024-04-17,tomato,24.19,24.62,-0.017465475223395602,24.87142857142857,✅ Stable,-0.4299999999999997,-0.33399999999999963,23.188000000000002,✅ مستقر
2024-04-18,tomato,24.29,24.19,0.004133939644481102,24.634285714285713,✅ Stable,0.09999999999999787,-0.15799999999999984,23.816,✅ مستقر
2024-04-19,tomato,25.42,24.29,0.04652120214079879,24.571428571428573,📈 Uptrend,1.1300000000000026,0.27800000000000014,26.254,✅ مستقر
2024-04-20,tomato,25.38,25.42,-0.0015735641227381076,24.614285714285717,📈 Uptrend,-0.0400000000000027,0.2019999999999996,25.985999999999997,✅ مستقر
2024-04-21,tomato,24.85,25.38,-0.02088258471237185,24.731428571428573,📈 Uptrend,-0.5299999999999976,0.04600000000000008,24.988000000000003,✅ مستقر
2024-04-22,tomato,25.06,24.85,0.008450704225352004,24.830000000000002,📈 Uptrend,0.2099999999999973,0.1739999999999995,25.581999999999997,✅ مستقر
2024-04-23,tomato,26.08,25.06,0.04070231444533119,25.038571428571426,📈 Uptrend,1.0199999999999996,0.3579999999999998,27.153999999999996,✅ مستقر
2024-04-24,tomato,25.86,26.08,-0.008435582822085846,25.277142857142856,📈 Uptrend,-0.21999999999999886,0.08799999999999955,26.124,✅ مستقر
2024-04-25,tomato,26.08,25.86,0.00850734725444698,25.532857142857146,📈 Uptrend,0.21999999999999886,0.13999999999999985,26.499999999999996,✅ مستقر
2024-04-26,tomato,26.24,26.08,0.0061349693251533804,25.65,📈 Uptrend,0.16000000000000014,0.2779999999999994,27.073999999999998,✅ مستقر
2024-04-27,tomato,26.03,26.24,-0.008003048780487703,25.74285714285714,📈 Uptrend,-0.2099999999999973,0.19400000000000048,26.612000000000002,✅ مستقر
2024-04-28,tomato,26.01,26.03,-0.0007683442182097415,25.90857142857143,📈 Uptrend,-0.019999999999999574,-0.013999999999999346,25.968000000000004,✅ مستقر
2024-04-29,tomato,26.35,26.01,0.013071895424836595,26.092857142857145,📈 Uptrend,0.33999999999999986,0.09800000000000039,26.644000000000002,✅ مستقر
2024-01-01,wheat,23.7,,,,🔄 No Data,,,23.7,✅ مستقر
2024-01-02,wheat,23.76,23.7,0.002531645569620349,,✅ Stable,0.060000000000002274,,23.76,✅ مستقر
2024-01-03,wheat,24.16,23.76,0.016835016835016776,,✅ Stable,0.3999999999999986,,24.16,✅ مستقر
2024-01-04,wheat,24.74,24.16,0.02400662251655622,,✅ Stable,0.5799999999999983,,24.74,✅ مستقر
2024-01-05,wheat,24.77,24.74,0.0012126111560226815,,✅ Stable,0.030000000000001137,,24.77,✅ مستقر
2024-01-06,wheat,24.7,24.77,-0.002825999192571671,,✅ Stable,-0.07000000000000028,0.2,25.3,✅ مستقر
2024-01-07,wheat,24.5,24.7,-0.008097165991902806,24.33285714285714,📈 Uptrend,-0.1999999999999993,0.1479999999999997,24.944,✅ مستقر
2024-01-08,wheat,24.73,24.5,0.009387755102040833,24.48,📈 Uptrend,0.23000000000000043,0.11400000000000006,25.072,✅ مستقر
2024-01-09,wheat,25.15,24.73,0.016983420946219092,24.678571428571427,📈 Uptrend,0.41999999999999815,0.08200000000000003,25.395999999999997,✅ مستقر
2024-01-10,wheat,24.57,25.15,-0.023061630218687807,24.737142857142857,✅ Stable,-0.5799999999999983,-0.039999999999999855,24.45,✅ مستقر
2024-01-11,wheat,24.43,24.57,-0.005698005698005721,24.692857142857147,✅ Stable,-0.14000000000000057,-0.053999999999999916,24.268,✅ مستقر
2024-01-12,wheat,25.33,24.43,0.036839950880065434,24.77285714285714,📈 Uptrend,0.8999999999999986,0.16599999999999965,25.827999999999996,✅ مستقر
2024-01-13,wheat,25.39,25.33,0.002368732727990615,24.87142857142857,📈 Uptrend,0.060000000000002274,0.13200000000000003,25.786,✅ مستقر
2024-01-14,wheat,24.93,25.39,-0.01811736904293032,24.93285714285714,✅ Stable,-0.46000000000000085,-0.043999999999999775,24.798000000000002,✅ مستقر
2024-01-15,wheat,24.45,24.93,-0.01925391095066187,24.892857142857142,✅ Stable,-0.4800000000000004,-0.024000000000000198,24.378,✅ مستقر
2024-01-16,wheat,24.92,24.45,0.01922290388548067,24.859999999999996,📈 Uptrend,0.4700000000000024,0.09800000000000039,25.214000000000002,✅ مستقر
2024-01-17,wheat,25.06,24.92,0.005617977528089768,24.93,📈 Uptrend,0.13999999999999702,-0.053999999999999916,24.898,✅ مستقر
2024-01-18,wheat,25.55,25.06,0.019553072625698404,25.09,📈 Uptrend,0.490000000000002,0.03200000000000003,25.646,✅ مستقر
2024-01-19,wheat,25.63,25.55,0.0031311154598825165,25.132857142857144,📈 Uptrend,0.0799999999999983,0.13999999999999985,26.049999999999997,✅ مستقر
2024-01-20,wheat,26.26,25.63,0.02458056964494743,25.257142857142856,📈 Uptrend,0.6300000000000026,0.36200000000000043,27.346000000000004,✅ مستقر
2024-01-21,wheat,25.65,26.26,-0.023229246001523342,25.360000000000003,📈 Uptrend,-0.610000000000003,0.14599999999999938,26.087999999999997,✅ مستقر
2024-01-22,wheat,25.66,25.65,0.0003898635477583456,25.532857142857143,📈 Uptrend,0.010000000000001563,0.12000000000000029,26.02,✅ مستقر
2024-01-23,wheat,25.62,25.66,-0.0015588464536242849,25.632857142857144,✅ Stable,-0.03999999999999915,0.014000000000000058,25.662000000000003,✅ مستقر
2024-01-24,wheat,25.72,25.62,0.0039032006245120167,25.72714285714286,✅ Stable,0.09999999999999787,0.01799999999999997,25.773999999999997,✅ مستقر
2024-01-25,wheat,25.14,25.72,-0.022550544323483607,25.66857142857143,✅ Stable,-0.5799999999999983,-0.2240000000000002,24.468,✅ مستقر
2024-01-26,wheat,25.04,25.14,-0.003977724741447948,25.584285714285716,✅ Stable,-0.10000000000000142,-0.12199999999999989,24.674,✅ مستقر
2024-01-27,wheat,25.78,25.04,0.02955271565495216,25.51571428571429,📈 Uptrend,0.740000000000002,0.024000000000000198,25.852,✅ مستقر
2024-01-28,wheat,25.85,25.78,0.0027152831652443865,25.544285714285714,📈 Uptrend,0.07000000000000028,0.04600000000000008,25.988000000000003,✅ مستقر
2024-01-29,wheat,25.93,25.85,0.0030947775628626033,25.582857142857144,📈 Uptrend,0.0799999999999983,0.04200000000000017,26.056,✅ مستقر
2024-01-30,wheat,25.6,25.93,-0.01272657153875813,25.580000000000002,📈 Uptrend,-0.3299999999999983,0.09200000000000016,25.876,✅ مستقر
2024-01-31,wheat,25.69,25.6,0.0035156249999999944,25.575714285714287,📈 Uptrend,0.08999999999999986,0.13000000000000042,26.080000000000002,✅ مستقر
2024-02-01,wheat,25.6,25.69,-0.003503308680420391,25.64142857142857,✅ Stable,-0.08999999999999986,-0.03599999999999994,25.492,✅ مستقر
2024-02-02,wheat,25.99,25.6,0.015234374999999883,25.777142857142856,📈 Uptrend,0.389999999999997,0.027999999999999404,26.073999999999998,✅ مستقر
2024-02-03,wheat,26.8,25.99,0.03116583301269728,25.922857142857143,📈 Uptrend,0.8100000000000023,0.1740000000000002,27.322000000000003,✅ مستقر
2024-02-04,wheat,26.44,26.8,-0.013432835820895501,26.00714285714286,📈 Uptrend,-0.35999999999999943,0.16799999999999998,26.944000000000003,✅ مستقر
2024-02-05,wheat,26.54,26.44,0.0037821482602117193,26.094285714285714,📈 Uptrend,0.09999999999999787,0.16999999999999957,27.049999999999997,✅ مستقر
2024-02-06,wheat,26.78,26.54,0.009042954031650414,26.262857142857143,📈 Uptrend,0.240000000000002,0.23599999999999993,27.488,✅ مستقر
2024-02-07,wheat,27.31,26.78,0.019790888722927467,26.494285714285716,📈 Uptrend,0.5299999999999976,0.26400000000000007,28.102,✅ مستقر
2024-02-08,wheat,27.9,27.31,0.02160380812889051,26.822857142857146,📈 Uptrend,0.5899999999999999,0.21999999999999958,28.56,✅ مستقر
2024-02-09,wheat,27.78,27.9,-0.004301075268817113,27.07857142857143,📈 Uptrend,-0.11999999999999744,0.26799999999999996,28.584,✅ مستقر
2024-02-10,wheat,26.94,27.78,-0.030237580993520512,27.09857142857143,✅ Stable,-0.8399999999999999,0.08000000000000043,27.180000000000003,✅ مستقر
2024-02-11,wheat,28.14,26.94,0.04454342984409797,27.34142857142857,📈 Uptrend,1.1999999999999993,0.2719999999999999,28.956,✅ مستقر
2024-02-12,wheat,27.91,28.14,-0.00817341862117983,27.537142857142857,📈 Uptrend,-0.23000000000000043,0.12000000000000029,28.27,✅ مستقر
2024-02-13,wheat,27.69,27.91,-0.007882479398065169,27.66714285714286,📈 Uptrend,-0.21999999999999886,-0.04199999999999946,27.564000000000004,✅ مستقر
2024-02-14,wheat,27.64,27.69,-0.0018057060310581693,27.714285714285715,✅ Stable,-0.05000000000000071,-0.028000000000000115,27.556,✅ مستقر
2024-02-15,wheat,26.88,27.64,-0.02749638205499282,27.568571428571428,✅ Stable,-0.7600000000000016,-0.012000000000000455,26.843999999999998,✅ مستقر
2024-02-16,wheat,27.04,26.88,0.005952380952380958,27.46285714285714,✅ Stable,0.16000000000000014,-0.22000000000000028,26.38,✅ مستقر
2024-02-17,wheat,28.09,27.04,0.03883136094674559,27.627142857142854,📈 Uptrend,1.0500000000000007,0.03599999999999994,28.198,✅ مستقر
2024-02-18,wheat,29.78,28.09,0.06016375934496267,27.861428571428572,⚠️ Increase,1.6900000000000013,0.418,31.034000000000002,✅ مستقر
2024-02-19,wheat,29.62,29.78,-0.005372733378106116,28.10571428571429,📈 Uptrend,-0.16000000000000014,0.3960000000000001,30.808,✅ مستقر
2024-02-20,wheat,29.28,29.62,-0.011478730587440913,28.332857142857144,📈 Uptrend,-0.33999999999999986,0.4800000000000004,30.720000000000002,✅ مستقر
2024-02-21,wheat,29.52,29.28,0.008196721311475356,28.601428571428574,📈 Uptrend,0.23999999999999844,0.4960000000000001,31.008,✅ مستقر
2024-02-22,wheat,29.55,29.52,0.0010162601626016645,28.982857142857142,📈 Uptrend,0.030000000000001137,0.29200000000000015,30.426000000000002,✅ مستقر
2024-02-23,wheat,29.39,29.55,-0.005414551607445013,29.31857142857143,📈 Uptrend,-0.16000000000000014,-0.07800000000000011,29.156,✅ مستقر
2024-02-24,wheat,29.59,29.39,0.0068050357264375395,29.532857142857146,📈 Uptrend,0.1999999999999993,-0.006000000000000227,29.572,✅ مستقر
2024-02-25,wheat,29.98,29.59,0.013180128421764128,29.56142857142857,📈 Uptrend,0.39000000000000057,0.13999999999999985,30.4,✅ مستقر
2024-02-26,wheat,29.4,29.98,-0.01934623082054709,29.53,✅ Stable,-0.5800000000000018,-0.024000000000000198,29.328,✅ مستقر
2024-02-27,wheat,28.81,29.4,-0.02006802721088435,29.462857142857143,✅ Stable,-0.5899999999999999,-0.1480000000000004,28.365999999999996,✅ مستقر
2024-02-28,wheat,28.78,28.81,-0.001041305102394918,29.357142857142858,✅ Stable,-0.029999999999997584,-0.12199999999999989,28.414,✅ مستقر
2024-02-29,wheat,29.06,28.78,0.009728978457261903,29.28714285714286,✅ Stable,0.2799999999999976,-0.10600000000000023,28.741999999999997,✅ مستقر
2024-03-01,wheat,29.21,29.06,0.005161734342739234,29.26142857142857,✅ Stable,0.15000000000000213,-0.15399999999999991,28.748,✅ مستقر
2024-03-02,wheat,29.25,29.21,0.0013693940431358832,29.21285714285714,📈 Uptrend,0.03999999999999915,-0.029999999999999714,29.16,✅ مستقر
2024-03-03,wheat,29.69,29.25,0.015042735042735086,29.17142857142857,📈 Uptrend,0.4400000000000013,0.17600000000000052,30.218000000000004,✅ مستقر
2024-03-04,wheat,30.71,29.69,0.034355001684068694,29.358571428571427,📈 Uptrend,1.0199999999999996,0.38599999999999995,31.868000000000002,✅ مستقر
2024-03-05,wheat,30.33,30.71,-0.012373819602735349,29.575714285714287,📈 Uptrend,-0.38000000000000256,0.2539999999999999,31.092,✅ مستقر
2024-03-06,wheat,30.34,30.33,0.00032970656116061866,29.798571428571428,📈 Uptrend,0.010000000000001563,0.2259999999999998,31.018,✅ مستقر
2024-03-07,wheat,31.29,30.34,0.03131179960448251,30.117142857142856,📈 Uptrend,0.9499999999999993,0.4079999999999998,32.513999999999996,✅ مستقر
2024-03-08,wheat,30.98,31.29,-0.009907318632150806,30.37,📈 Uptrend,-0.3099999999999987,0.25799999999999984,31.754,✅ مستقر
2024-03-09,wheat,29.85,30.98,-0.03647514525500319,30.455714285714286,✅ Stable,-1.129999999999999,-0.17199999999999988,29.334000000000003,✅ مستقر
2024-03-10,wheat,29.85,29.85,0.0,30.47857142857143,✅ Stable,0.0,-0.09599999999999938,29.562000000000005,✅ مستقر
2024-03-11,wheat,29.88,29.85,0.0010050251256280597,30.360000000000003,✅ Stable,0.029999999999997584,-0.09200000000000016,29.604,✅ مستقر
2024-03-12,wheat,30.4,29.88,0.017402945113788475,30.37,📈 Uptrend,0.5199999999999996,-0.1780000000000001,29.866,✅ مستقر
2024-03-13,wheat,29.97,30.4,-0.014144736842105255,30.31714285714286,✅ Stable,-0.4299999999999997,-0.20200000000000032,29.363999999999997,✅ مستقر
2024-03-14,wheat,30.67,29.97,0.023356690023356785,30.228571428571428,📈 Uptrend,0.7000000000000028,0.16400000000000006,31.162000000000003,✅ مستقر
2024-03-15,wheat,30.61,30.67,-0.0019563090968373743,30.17571428571429,📈 Uptrend,-0.060000000000002274,0.1519999999999996,31.066,✅ مستقر
2024-03-16,wheat,30.49,30.61,-0.003920287487749134,30.267142857142854,📈 Uptrend,-0.120000000000001,0.12199999999999989,30.855999999999998,✅ مستقر
2024-03-17,wheat,29.71,30.49,-0.02558215808461783,30.247142857142855,✅ Stable,-0.7799999999999976,-0.13799999999999954,29.296000000000003,✅ مستقر
2024-03-18,wheat,30.03,29.71,0.010770784247728047,30.268571428571427,✅ Stable,0.3200000000000003,0.012000000000000455,30.066000000000003,✅ مستقر
2024-03-19,wheat,29.59,30.03,-0.014652014652014694,30.15285714285714,✅ Stable,-0.4400000000000013,-0.21600000000000036,28.942,✅ مستقر
2024-03-20,wheat,29.85,29.59,0.008786752281176126,30.135714285714283,✅ Stable,0.26000000000000156,-0.1519999999999996,29.394000000000002,✅ مستقر
2024-03-21,wheat,29.0,29.85,-0.028475711892797365,29.897142857142857,✅ Stable,-0.8500000000000014,-0.2979999999999997,28.106,✅ مستقر
2024-03-22,wheat,28.04,29.0,-0.0331034482758621,29.529999999999998,✅ Stable,-0.9600000000000009,-0.33400000000000035,27.037999999999997,✅ مستقر
2024-03-23,wheat,27.54,28.04,-0.01783166904422254,29.10857142857143,✅ Stable,-0.5,-0.4980000000000004,26.046,✅ مستقر
2024-03-24,wheat,27.74,27.54,0.007262164124909197,28.827142857142857,✅ Stable,0.1999999999999993,-0.3700000000000003,26.63,✅ مستقر
2024-03-25,wheat,27.47,27.74,-0.009733237202595516,28.46142857142857,✅ Stable,-0.2699999999999996,-0.47600000000000053,26.041999999999998,✅ مستقر
2024-03-26,wheat,26.79,27.47,-0.024754277393520194,28.06142857142857,✅ Stable,-0.6799999999999997,-0.44200000000000017,25.464,✅ مستقر
2024-03-27,wheat,27.05,26.79,0.009705113848450974,27.66142857142857,✅ Stable,0.26000000000000156,-0.19799999999999968,26.456000000000003,✅ مستقر
2024-03-28,wheat,26.38,27.05,-0.02476894639556383,27.287142857142857,✅ Stable,-0.6700000000000017,-0.23200000000000004,25.683999999999997,✅ مستقر
2024-03-29,wheat,26.65,26.38,0.010235026535253964,27.08857142857143,✅ Stable,0.2699999999999996,-0.21799999999999997,25.996,✅ مستقر
2024-03-30,wheat,27.13,26.65,0.018011257035647297,27.029999999999998,📈 Uptrend,0.4800000000000004,-0.06799999999999998,26.926,✅ مستقر
2024-03-31,wheat,26.94,27.13,-0.007003317360855059,26.915714285714284,📈 Uptrend,-0.18999999999999773,0.030000000000000426,27.03,✅ مستقر
2024-04-01,wheat,26.29,26.94,-0.024127691165553158,26.747142857142858,✅ Stable,-0.6500000000000021,-0.1520000000000003,25.834,✅ مستقر
2024-04-02,wheat,26.72,26.29,0.016356028908330152,26.737142857142853,✅ Stable,0.4299999999999997,0.06799999999999998,26.924,✅ مستقر
2024-04-03,wheat,25.83,26.72,-0.033308383233532954,26.562857142857144,✅ Stable,-0.8900000000000006,-0.16400000000000006,25.337999999999997,✅ مستقر
2024-04-04,wheat,25.91,25.83,0.0030971738288812175,26.495714285714286,✅ Stable,0.08000000000000185,-0.24399999999999977,25.178,✅ مستقر
2024-04-05,wheat,25.6,25.91,-0.011964492473948233,26.345714285714283,✅ Stable,-0.3099999999999987,-0.26799999999999996,24.796000000000003,✅ مستقر
2024-04-06,wheat,24.64,25.6,-0.03750000000000003,25.990000000000002,✅ Stable,-0.9600000000000009,-0.32999999999999974,23.650000000000002,✅ مستقر
2024-04-07,wheat,23.97,24.64,-0.02719155844155851,25.565714285714286,✅ Stable,-0.6700000000000017,-0.55,22.32,✅ مستقر
2024-04-08,wheat,24.52,23.97,0.02294534835210683,25.312857142857144,✅ Stable,0.5500000000000007,-0.26199999999999973,23.734,✅ مستقر
2024-04-09,wheat,24.86,24.52,0.013866231647634578,25.047142857142855,✅ Stable,0.33999999999999986,-0.21000000000000013,24.23,✅ مستقر
2024-04-10,wheat,25.63,24.86,0.03097345132743361,25.018571428571427,📈 Uptrend,0.7699999999999996,0.005999999999999517,25.647999999999996,✅ مستقر
2024-04-11,wheat,25.17,25.63,-0.017947717518532864,24.912857142857145,📈 Uptrend,-0.4599999999999973,0.10600000000000023,25.488000000000003,✅ مستقر
2024-04-12,wheat,22.81,25.17,-0.09376241557409626,24.514285714285716,✅ Stable,-2.360000000000003,-0.23200000000000004,22.113999999999997,✅ مستقر
2024-04-13,wheat,21.96,22.81,-0.037264357737834194,24.131428571428568,✅ Stable,-0.8499999999999979,-0.5119999999999998,20.424000000000003,✅ مستقر
2024-04-14,wheat,21.19,21.96,-0.03506375227686701,23.73428571428571,✅ Stable,-0.7699999999999996,-0.7339999999999997,18.988000000000003,📉 المتوقع انخفاض
2024-04-15,wheat,21.29,21.19,0.004719207173194803,23.272857142857145,✅ Stable,0.09999999999999787,-0.868,18.686,📉 المتوقع انخفاض
2024-04-16,wheat,22.68,21.29,0.06528886801315174,22.96142857142857,⚠️ Increase,1.3900000000000006,-0.4980000000000004,21.186,✅ مستقر
2024-04-17,wheat,22.08,22.68,-0.02645502645502652,22.454285714285714,✅ Stable,-0.6000000000000014,-0.14600000000000007,21.642,✅ مستقر
2024-04-18,wheat,22.2,22.08,0.005434782608695698,22.029999999999998,📈 Uptrend,0.120000000000001,0.04799999999999969,22.343999999999998,✅ مستقر
2024-04-19,wheat,21.76,22.2,-0.019819819819819718,21.88,✅ Stable,-0.4399999999999977,0.11400000000000006,22.102,✅ مستقر
2024-04-20,wheat,22.11,21.76,0.016084558823529313,21.90142857142857,📈 Uptrend,0.34999999999999787,0.16400000000000006,22.602,✅ مستقر
2024-04-21,wheat,22.06,22.11,-0.0022614201718679653,22.025714285714287,📈 Uptrend,-0.05000000000000071,-0.1240000000000002,21.688,✅ مستقر
2024-04-22,wheat,23.08,22.06,0.046237533998186746,22.281428571428567,📈 Uptrend,1.0199999999999996,0.2,23.68,✅ مستقر
2024-04-23,wheat,21.91,23.08,-0.0506932409012131,22.171428571428574,✅ Stable,-1.1699999999999982,-0.05799999999999983,21.736,✅ مستقر
2024-04-24,wheat,21.88,21.91,-0.0013692377909630825,22.142857142857142,✅ Stable,-0.030000000000001137,0.023999999999999487,21.951999999999998,✅ مستقر
2024-04-25,wheat,21.62,21.88,-0.011882998171846345,22.060000000000002,✅ Stable,-0.259999999999998,-0.09799999999999968,21.326,✅ مستقر
2024-04-26,wheat,21.91,21.62,0.01341350601295093,22.08142857142857,✅ Stable,0.28999999999999915,-0.029999999999999714,21.82,✅ مستقر
2024-04-27,wheat,21.76,21.91,-0.006846188954815088,22.03142857142857,✅ Stable,-0.14999999999999858,-0.26399999999999935,20.968000000000004,✅ مستقر
2024-04-28,wheat,21.62,21.76,-0.00643382352941179,21.96857142857143,✅ Stable,-0.14000000000000057,-0.05799999999999983,21.446,✅ مستقر
2024-04-29,wheat,21.53,21.62,-0.004162812210915812,21.747142857142855,✅ Stable,-0.08999999999999986,-0.06999999999999958,21.320000000000004,✅ مستقر
